Jurisdiction,Tenure (En),Category,Species group,Year,Année,Juridiction,Data qualifier,Volume (cubic metres) (En),Volume (cubic metres) (En) Nulls
Quebec,Provincial land,Logs and bolts,Softwoods,1990,1990,Québec,a,13758877,13758877
Quebec,Private land,Logs and bolts,Softwoods,1990,1990,Québec,a,1484700,1484700
Quebec,Provincial land,Logs and bolts,Hardwoods,1990,1990,Québec,a,2114331,2114331
Quebec,Private land,Logs and bolts,Hardwoods,1990,1990,Québec,a,825100,825100
Quebec,Provincial land,Logs and bolts,Unspecified,1990,1990,Québec,u,,
Quebec,Private land,Logs and bolts,Unspecified,1990,1990,Québec,u,,
Quebec,Provincial land,Pulpwood,Softwoods,1990,1990,Québec,a,5178353,5178353
Quebec,Private land,Pulpwood,Softwoods,1990,1990,Québec,a,2435400,2435400
Quebec,Provincial land,Pulpwood,Hardwoods,1990,1990,Québec,a,349935,349935
Quebec,Private land,Pulpwood,Hardwoods,1990,1990,Québec,a,1605300,1605300
Quebec,Provincial land,Pulpwood,Unspecified,1990,1990,Québec,u,,
Quebec,Private land,Pulpwood,Unspecified,1990,1990,Québec,u,,
Quebec,Provincial land,Other industrial roundwood,Softwoods,1990,1990,Québec,a,79922,79922
Quebec,Private land,Other industrial roundwood,Softwoods,1990,1990,Québec,a,1200,1200
Quebec,Provincial land,Other industrial roundwood,Hardwoods,1990,1990,Québec,a,0,
Quebec,Private land,Other industrial roundwood,Hardwoods,1990,1990,Québec,a,1600,1600
Quebec,Provincial land,Other industrial roundwood,Unspecified,1990,1990,Québec,u,,
Quebec,Private land,Other industrial roundwood,Unspecified,1990,1990,Québec,u,,
Quebec,Provincial land,Fuelwood*b and firewood*c,Softwoods,1990,1990,Québec,a,3388,3388
Quebec,Private land,Fuelwood*b and firewood*c,Softwoods,1990,1990,Québec,u,,
Quebec,Provincial land,Fuelwood*b and firewood*c,Hardwoods,1990,1990,Québec,a,55799,55799
Quebec,Private land,Fuelwood*b and firewood*c,Hardwoods,1990,1990,Québec,e,2123000,2123000
Quebec,Provincial land,Fuelwood*b and firewood*c,Unspecified,1990,1990,Québec,u,,
Quebec,Private land,Fuelwood*b and firewood*c,Unspecified,1990,1990,Québec,u,,
Quebec,Federal land,Logs and bolts,Softwoods,1990,1990,Québec,a,45004,45004
Quebec,Federal land,Logs and bolts,Hardwoods,1990,1990,Québec,a,1548,1548
Quebec,Federal land,Logs and bolts,Unspecified,1990,1990,Québec,u,,
Quebec,Federal land,Pulpwood,Softwoods,1990,1990,Québec,a,78500,78500
Quebec,Federal land,Pulpwood,Hardwoods,1990,1990,Québec,a,4500,4500
Quebec,Federal land,Pulpwood,Unspecified,1990,1990,Québec,u,,
Quebec,Federal land,Other industrial roundwood,Softwoods,1990,1990,Québec,a,1248,1248
Quebec,Federal land,Other industrial roundwood,Hardwoods,1990,1990,Québec,a,61,61
Quebec,Federal land,Other industrial roundwood,Unspecified,1990,1990,Québec,u,,
Quebec,Federal land,Fuelwood*b and firewood*c,Softwoods,1990,1990,Québec,u,,
Quebec,Federal land,Fuelwood*b and firewood*c,Hardwoods,1990,1990,Québec,u,,
Quebec,Federal land,Fuelwood*b and firewood*c,Unspecified,1990,1990,Québec,u,,
Quebec,Provincial land,Logs and bolts,Softwoods,1991,1991,Québec,a,13847382,13847382
Quebec,Private land,Logs and bolts,Softwoods,1991,1991,Québec,a,1846200,1846200
Quebec,Provincial land,Logs and bolts,Hardwoods,1991,1991,Québec,a,1947136,1947136
Quebec,Private land,Logs and bolts,Hardwoods,1991,1991,Québec,a,894700,894700
Quebec,Provincial land,Logs and bolts,Unspecified,1991,1991,Québec,u,,
Quebec,Private land,Logs and bolts,Unspecified,1991,1991,Québec,u,,
Quebec,Provincial land,Pulpwood,Softwoods,1991,1991,Québec,a,3353656,3353656
Quebec,Private land,Pulpwood,Softwoods,1991,1991,Québec,a,2507600,2507600
Quebec,Provincial land,Pulpwood,Hardwoods,1991,1991,Québec,a,434447,434447
Quebec,Private land,Pulpwood,Hardwoods,1991,1991,Québec,a,1707700,1707700
Quebec,Provincial land,Pulpwood,Unspecified,1991,1991,Québec,u,,
Quebec,Private land,Pulpwood,Unspecified,1991,1991,Québec,u,,
Quebec,Provincial land,Other industrial roundwood,Softwoods,1991,1991,Québec,a,85448,85448
Quebec,Private land,Other industrial roundwood,Softwoods,1991,1991,Québec,a,12200,12200
Quebec,Provincial land,Other industrial roundwood,Hardwoods,1991,1991,Québec,a,3261,3261
Quebec,Private land,Other industrial roundwood,Hardwoods,1991,1991,Québec,a,600,600
Quebec,Provincial land,Other industrial roundwood,Unspecified,1991,1991,Québec,u,,
Quebec,Private land,Other industrial roundwood,Unspecified,1991,1991,Québec,u,,
Quebec,Provincial land,Fuelwood*b and firewood*c,Softwoods,1991,1991,Québec,a,1408,1408
Quebec,Private land,Fuelwood*b and firewood*c,Softwoods,1991,1991,Québec,u,,
Quebec,Provincial land,Fuelwood*b and firewood*c,Hardwoods,1991,1991,Québec,a,38637,38637
Quebec,Private land,Fuelwood*b and firewood*c,Hardwoods,1991,1991,Québec,e,2123000,2123000
Quebec,Provincial land,Fuelwood*b and firewood*c,Unspecified,1991,1991,Québec,u,,
Quebec,Private land,Fuelwood*b and firewood*c,Unspecified,1991,1991,Québec,u,,
Quebec,Federal land,Logs and bolts,Softwoods,1991,1991,Québec,a,253,253
Quebec,Federal land,Logs and bolts,Hardwoods,1991,1991,Québec,a,0,
Quebec,Federal land,Logs and bolts,Unspecified,1991,1991,Québec,u,,
Quebec,Federal land,Pulpwood,Softwoods,1991,1991,Québec,a,112345,112345
Quebec,Federal land,Pulpwood,Hardwoods,1991,1991,Québec,a,20703,20703
Quebec,Federal land,Pulpwood,Unspecified,1991,1991,Québec,u,,
Quebec,Federal land,Other industrial roundwood,Softwoods,1991,1991,Québec,a,0,
Quebec,Federal land,Other industrial roundwood,Hardwoods,1991,1991,Québec,a,0,
Quebec,Federal land,Other industrial roundwood,Unspecified,1991,1991,Québec,u,,
Quebec,Federal land,Fuelwood*b and firewood*c,Softwoods,1991,1991,Québec,u,,
Quebec,Federal land,Fuelwood*b and firewood*c,Hardwoods,1991,1991,Québec,a,6585,6585
Quebec,Federal land,Fuelwood*b and firewood*c,Unspecified,1991,1991,Québec,u,,
Quebec,Federal land,Fuelwood*b and firewood*c,Hardwoods,1992,1992,Québec,a,3791,3791
Quebec,Federal land,Fuelwood*b and firewood*c,Hardwoods,1993,1993,Québec,a,3964,3964
Quebec,Federal land,Fuelwood*b and firewood*c,Hardwoods,1994,1994,Québec,a,5518,5518
Quebec,Federal land,Fuelwood*b and firewood*c,Hardwoods,1995,1995,Québec,a,4594,4594
Quebec,Federal land,Fuelwood*b and firewood*c,Hardwoods,1996,1996,Québec,a,4586,4586
Quebec,Federal land,Fuelwood*b and firewood*c,Hardwoods,1997,1997,Québec,a,7410,7410
Quebec,Federal land,Fuelwood*b and firewood*c,Hardwoods,1998,1998,Québec,a,0,
Quebec,Federal land,Fuelwood*b and firewood*c,Hardwoods,1999,1999,Québec,a,4948,4948
Quebec,Federal land,Fuelwood*b and firewood*c,Hardwoods,2001,2001,Québec,a,5419,5419
Quebec,Federal land,Fuelwood*b and firewood*c,Hardwoods,2002,2002,Québec,a,0,
Quebec,Federal land,Fuelwood*b and firewood*c,Hardwoods,2003,2003,Québec,a,3997,3997
Quebec,Federal land,Fuelwood*b and firewood*c,Hardwoods,2004,2004,Québec,a,11,11
Quebec,Federal land,Fuelwood*b and firewood*c,Hardwoods,2005,2005,Québec,a,1126,1126
Quebec,Federal land,Fuelwood*b and firewood*c,Hardwoods,2006,2006,Québec,a,2708,2708
Quebec,Federal land,Fuelwood*b and firewood*c,Hardwoods,2008,2008,Québec,a,4,4
Quebec,Federal land,Fuelwood*b and firewood*c,Hardwoods,2009,2009,Québec,a,0,
Quebec,Federal land,Fuelwood*b and firewood*c,Hardwoods,2010,2010,Québec,a,2656,2656
Quebec,Federal land,Fuelwood*b and firewood*c,Hardwoods,2011,2011,Québec,a,1203,1203
Quebec,Federal land,Fuelwood*b and firewood*c,Hardwoods,2012,2012,Québec,a,1107,1107
Quebec,Federal land,Fuelwood*b and firewood*c,Hardwoods,2013,2013,Québec,a,1629,1629
Quebec,Federal land,Fuelwood*b and firewood*c,Hardwoods,2014,2014,Québec,a,2307,2307
Quebec,Federal land,Fuelwood*b and firewood*c,Hardwoods,2015,2015,Québec,a,2310,2310
Quebec,Federal land,Fuelwood*b and firewood*c,Hardwoods,2000,2000,Québec,e,3228,3228
Quebec,Federal land,Fuelwood*b and firewood*c,Hardwoods,2007,2007,Québec,u,,
Quebec,Federal land,Fuelwood*b and firewood*c,Hardwoods,2016,2016,Québec,u,,
Quebec,Federal land,Fuelwood*b and firewood*c,Hardwoods,2017,2017,Québec,u,,
Quebec,Federal land,Fuelwood*b and firewood*c,Hardwoods,2018,2018,Québec,u,,
Quebec,Federal land,Logs and bolts,Hardwoods,1992,1992,Québec,a,6047,6047
Quebec,Federal land,Logs and bolts,Hardwoods,1993,1993,Québec,a,9250,9250
Quebec,Federal land,Logs and bolts,Hardwoods,1994,1994,Québec,a,879,879
Quebec,Federal land,Logs and bolts,Hardwoods,1995,1995,Québec,a,821,821
Quebec,Federal land,Logs and bolts,Hardwoods,1996,1996,Québec,a,3975,3975
Quebec,Federal land,Logs and bolts,Hardwoods,1997,1997,Québec,a,2848,2848
Quebec,Federal land,Logs and bolts,Hardwoods,1998,1998,Québec,a,2927,2927
Quebec,Federal land,Logs and bolts,Hardwoods,1999,1999,Québec,a,1802,1802
Quebec,Federal land,Logs and bolts,Hardwoods,2001,2001,Québec,a,7614,7614
Quebec,Federal land,Logs and bolts,Hardwoods,2002,2002,Québec,a,0,
Quebec,Federal land,Logs and bolts,Hardwoods,2003,2003,Québec,a,16209,16209
Quebec,Federal land,Logs and bolts,Hardwoods,2005,2005,Québec,a,544,544
Quebec,Federal land,Logs and bolts,Hardwoods,2006,2006,Québec,a,1158,1158
Quebec,Federal land,Logs and bolts,Hardwoods,2008,2008,Québec,a,758,758
Quebec,Federal land,Logs and bolts,Hardwoods,2009,2009,Québec,a,45,45
Quebec,Federal land,Logs and bolts,Hardwoods,2010,2010,Québec,a,1560,1560
Quebec,Federal land,Logs and bolts,Hardwoods,2011,2011,Québec,a,344,344
Quebec,Federal land,Logs and bolts,Hardwoods,2012,2012,Québec,a,153,153
Quebec,Federal land,Logs and bolts,Hardwoods,2013,2013,Québec,a,172,172
Quebec,Federal land,Logs and bolts,Hardwoods,2014,2014,Québec,a,245,245
Quebec,Federal land,Logs and bolts,Hardwoods,2015,2015,Québec,a,245,245
Quebec,Federal land,Logs and bolts,Hardwoods,2016,2016,Québec,a,5092,5092
Quebec,Federal land,Logs and bolts,Hardwoods,2000,2000,Québec,e,4779,4779
Quebec,Federal land,Logs and bolts,Hardwoods,2004,2004,Québec,u,,
Quebec,Federal land,Logs and bolts,Hardwoods,2007,2007,Québec,u,,
Quebec,Federal land,Logs and bolts,Hardwoods,2017,2017,Québec,u,,
Quebec,Federal land,Logs and bolts,Hardwoods,2018,2018,Québec,u,,
Quebec,Federal land,Other industrial roundwood,Hardwoods,1992,1992,Québec,a,3906,3906
Quebec,Federal land,Other industrial roundwood,Hardwoods,1993,1993,Québec,a,12458,12458
Quebec,Federal land,Other industrial roundwood,Hardwoods,1994,1994,Québec,a,0,
Quebec,Federal land,Other industrial roundwood,Hardwoods,1995,1995,Québec,a,218,218
Quebec,Federal land,Other industrial roundwood,Hardwoods,1996,1996,Québec,a,0,
Quebec,Federal land,Other industrial roundwood,Hardwoods,1997,1997,Québec,a,0,
Quebec,Federal land,Other industrial roundwood,Hardwoods,1998,1998,Québec,a,3391,3391
Quebec,Federal land,Other industrial roundwood,Hardwoods,1999,1999,Québec,a,0,
Quebec,Federal land,Other industrial roundwood,Hardwoods,2001,2001,Québec,a,115,115
Quebec,Federal land,Other industrial roundwood,Hardwoods,2002,2002,Québec,a,0,
Quebec,Federal land,Other industrial roundwood,Hardwoods,2012,2012,Québec,a,312,312
Quebec,Federal land,Other industrial roundwood,Hardwoods,2000,2000,Québec,e,70,70
Quebec,Federal land,Other industrial roundwood,Hardwoods,2003,2003,Québec,u,,
Quebec,Federal land,Other industrial roundwood,Hardwoods,2004,2004,Québec,u,,
Quebec,Federal land,Other industrial roundwood,Hardwoods,2005,2005,Québec,u,,
Quebec,Federal land,Other industrial roundwood,Hardwoods,2006,2006,Québec,u,,
Quebec,Federal land,Other industrial roundwood,Hardwoods,2007,2007,Québec,u,,
Quebec,Federal land,Other industrial roundwood,Hardwoods,2008,2008,Québec,u,,
Quebec,Federal land,Other industrial roundwood,Hardwoods,2009,2009,Québec,u,,
Quebec,Federal land,Other industrial roundwood,Hardwoods,2010,2010,Québec,u,,
Quebec,Federal land,Other industrial roundwood,Hardwoods,2011,2011,Québec,u,,
Quebec,Federal land,Other industrial roundwood,Hardwoods,2013,2013,Québec,u,,
Quebec,Federal land,Other industrial roundwood,Hardwoods,2014,2014,Québec,u,,
Quebec,Federal land,Other industrial roundwood,Hardwoods,2015,2015,Québec,u,,
Quebec,Federal land,Other industrial roundwood,Hardwoods,2016,2016,Québec,u,,
Quebec,Federal land,Other industrial roundwood,Hardwoods,2017,2017,Québec,u,,
Quebec,Federal land,Other industrial roundwood,Hardwoods,2018,2018,Québec,u,,
Quebec,Federal land,Pulpwood,Hardwoods,1992,1992,Québec,a,20800,20800
Quebec,Federal land,Pulpwood,Hardwoods,1993,1993,Québec,a,3921,3921
Quebec,Federal land,Pulpwood,Hardwoods,1994,1994,Québec,a,2770,2770
Quebec,Federal land,Pulpwood,Hardwoods,1995,1995,Québec,a,8060,8060
Quebec,Federal land,Pulpwood,Hardwoods,1996,1996,Québec,a,24741,24741
Quebec,Federal land,Pulpwood,Hardwoods,1997,1997,Québec,a,30005,30005
Quebec,Federal land,Pulpwood,Hardwoods,1998,1998,Québec,a,12155,12155
Quebec,Federal land,Pulpwood,Hardwoods,1999,1999,Québec,a,28224,28224
Quebec,Federal land,Pulpwood,Hardwoods,2001,2001,Québec,a,7751,7751
Quebec,Federal land,Pulpwood,Hardwoods,2002,2002,Québec,a,1378,1378
Quebec,Federal land,Pulpwood,Hardwoods,2003,2003,Québec,a,14873,14873
Quebec,Federal land,Pulpwood,Hardwoods,2005,2005,Québec,a,3937,3937
Quebec,Federal land,Pulpwood,Hardwoods,2006,2006,Québec,a,3003,3003
Quebec,Federal land,Pulpwood,Hardwoods,2008,2008,Québec,a,3230,3230
Quebec,Federal land,Pulpwood,Hardwoods,2009,2009,Québec,a,113,113
Quebec,Federal land,Pulpwood,Hardwoods,2010,2010,Québec,a,1007,1007
Quebec,Federal land,Pulpwood,Hardwoods,2011,2011,Québec,a,856,856
Quebec,Federal land,Pulpwood,Hardwoods,2012,2012,Québec,a,58,58
Quebec,Federal land,Pulpwood,Hardwoods,2013,2013,Québec,a,58,58
Quebec,Federal land,Pulpwood,Hardwoods,2014,2014,Québec,a,226,226
Quebec,Federal land,Pulpwood,Hardwoods,2015,2015,Québec,a,226,226
Quebec,Federal land,Pulpwood,Hardwoods,2016,2016,Québec,a,165,165
Quebec,Federal land,Pulpwood,Hardwoods,2000,2000,Québec,e,21450,21450
Quebec,Federal land,Pulpwood,Hardwoods,2004,2004,Québec,u,,
Quebec,Federal land,Pulpwood,Hardwoods,2007,2007,Québec,u,,
Quebec,Federal land,Pulpwood,Hardwoods,2017,2017,Québec,u,,
Quebec,Federal land,Pulpwood,Hardwoods,2018,2018,Québec,u,,
Quebec,Private land,Fuelwood*b and firewood*c,Hardwoods,2018,2018,Québec,E,0,
Quebec,Private land,Fuelwood*b and firewood*c,Hardwoods,2019,2019,Québec,E,0,
Quebec,Private land,Fuelwood*b and firewood*c,Hardwoods,2009,2009,Québec,a,1852500,1852500
Quebec,Private land,Fuelwood*b and firewood*c,Hardwoods,2010,2010,Québec,a,1852500,1852500
Quebec,Private land,Fuelwood*b and firewood*c,Hardwoods,2015,2015,Québec,a,1852500,1852500
Quebec,Private land,Fuelwood*b and firewood*c,Hardwoods,2016,2016,Québec,a,0,
Quebec,Private land,Fuelwood*b and firewood*c,Hardwoods,2020,2020,Québec,a,,
Quebec,Private land,Fuelwood*b and firewood*c,Hardwoods,1992,1992,Québec,e,2123000,2123000
Quebec,Private land,Fuelwood*b and firewood*c,Hardwoods,1993,1993,Québec,e,2123000,2123000
Quebec,Private land,Fuelwood*b and firewood*c,Hardwoods,1994,1994,Québec,e,2123000,2123000
Quebec,Private land,Fuelwood*b and firewood*c,Hardwoods,1995,1995,Québec,e,2123000,2123000
Quebec,Private land,Fuelwood*b and firewood*c,Hardwoods,1996,1996,Québec,e,2123000,2123000
Quebec,Private land,Fuelwood*b and firewood*c,Hardwoods,1997,1997,Québec,e,1951000,1951000
Quebec,Private land,Fuelwood*b and firewood*c,Hardwoods,1998,1998,Québec,e,1951000,1951000
Quebec,Private land,Fuelwood*b and firewood*c,Hardwoods,1999,1999,Québec,e,1951000,1951000
Quebec,Private land,Fuelwood*b and firewood*c,Hardwoods,2000,2000,Québec,e,1951000,1951000
Quebec,Private land,Fuelwood*b and firewood*c,Hardwoods,2001,2001,Québec,e,1852500,1852500
Quebec,Private land,Fuelwood*b and firewood*c,Hardwoods,2002,2002,Québec,e,1852500,1852500
Quebec,Private land,Fuelwood*b and firewood*c,Hardwoods,2003,2003,Québec,e,1852500,1852500
Quebec,Private land,Fuelwood*b and firewood*c,Hardwoods,2004,2004,Québec,e,1852500,1852500
Quebec,Private land,Fuelwood*b and firewood*c,Hardwoods,2005,2005,Québec,e,1852500,1852500
Quebec,Private land,Fuelwood*b and firewood*c,Hardwoods,2006,2006,Québec,e,1852500,1852500
Quebec,Private land,Fuelwood*b and firewood*c,Hardwoods,2007,2007,Québec,e,1852500,1852500
Quebec,Private land,Fuelwood*b and firewood*c,Hardwoods,2008,2008,Québec,e,1852500,1852500
Quebec,Private land,Fuelwood*b and firewood*c,Hardwoods,2011,2011,Québec,e,1852500,1852500
Quebec,Private land,Fuelwood*b and firewood*c,Hardwoods,2012,2012,Québec,e,1852500,1852500
Quebec,Private land,Fuelwood*b and firewood*c,Hardwoods,2013,2013,Québec,e,1852500,1852500
Quebec,Private land,Fuelwood*b and firewood*c,Hardwoods,2014,2014,Québec,e,1852500,1852500
Quebec,Private land,Fuelwood*b and firewood*c,Hardwoods,2017,2017,Québec,e,0,
Quebec,Private land,Logs and bolts,Hardwoods,2018,2018,Québec,E,1823202,1823202
Quebec,Private land,Logs and bolts,Hardwoods,2019,2019,Québec,E,1904812,1904812
Quebec,Private land,Logs and bolts,Hardwoods,1992,1992,Québec,a,972900,972900
Quebec,Private land,Logs and bolts,Hardwoods,1993,1993,Québec,a,1065300,1065300
Quebec,Private land,Logs and bolts,Hardwoods,1994,1994,Québec,a,1202500,1202500
Quebec,Private land,Logs and bolts,Hardwoods,1995,1995,Québec,a,1324200,1324200
Quebec,Private land,Logs and bolts,Hardwoods,1996,1996,Québec,a,1391200,1391200
Quebec,Private land,Logs and bolts,Hardwoods,1997,1997,Québec,a,1527100,1527100
Quebec,Private land,Logs and bolts,Hardwoods,1998,1998,Québec,a,1953000,1953000
Quebec,Private land,Logs and bolts,Hardwoods,1999,1999,Québec,a,2208600,2208600
Quebec,Private land,Logs and bolts,Hardwoods,2000,2000,Québec,a,2138600,2138600
Quebec,Private land,Logs and bolts,Hardwoods,2001,2001,Québec,a,2127700,2127700
Quebec,Private land,Logs and bolts,Hardwoods,2002,2002,Québec,a,2022500,2022500
Quebec,Private land,Logs and bolts,Hardwoods,2006,2006,Québec,a,1724800,1724800
Quebec,Private land,Logs and bolts,Hardwoods,2007,2007,Québec,a,1446000,1446000
Quebec,Private land,Logs and bolts,Hardwoods,2008,2008,Québec,a,822800,822800
Quebec,Private land,Logs and bolts,Hardwoods,2009,2009,Québec,a,716700,716700
Quebec,Private land,Logs and bolts,Hardwoods,2010,2010,Québec,a,933600,933600
Quebec,Private land,Logs and bolts,Hardwoods,2013,2013,Québec,a,771200,771200
Quebec,Private land,Logs and bolts,Hardwoods,2014,2014,Québec,a,879100,879100
Quebec,Private land,Logs and bolts,Hardwoods,2016,2016,Québec,a,3545346,3545346
Quebec,Private land,Logs and bolts,Hardwoods,2020,2020,Québec,a,1603900,1603900
Quebec,Private land,Logs and bolts,Hardwoods,2017,2017,Québec,e,1806732,1806732
Quebec,Private land,Logs and bolts,Hardwoods,2012,2012,Québec,p,855200,855200
Quebec,Private land,Logs and bolts,Hardwoods,2003,2003,Québec,r,1790000,1790000
Quebec,Private land,Logs and bolts,Hardwoods,2004,2004,Québec,r,1866200,1866200
Quebec,Private land,Logs and bolts,Hardwoods,2005,2005,Québec,r,1848000,1848000
Quebec,Private land,Logs and bolts,Hardwoods,2011,2011,Québec,r,892600,892600
Quebec,Private land,Logs and bolts,Hardwoods,2015,2015,Québec,u,,
Quebec,Private land,Other industrial roundwood,Hardwoods,2018,2018,Québec,E,0,
Quebec,Private land,Other industrial roundwood,Hardwoods,2019,2019,Québec,E,0,
Quebec,Private land,Other industrial roundwood,Hardwoods,1992,1992,Québec,a,700,700
Quebec,Private land,Other industrial roundwood,Hardwoods,1993,1993,Québec,a,300,300
Quebec,Private land,Other industrial roundwood,Hardwoods,1994,1994,Québec,a,200,200
Quebec,Private land,Other industrial roundwood,Hardwoods,2007,2007,Québec,a,0,
Quebec,Private land,Other industrial roundwood,Hardwoods,2008,2008,Québec,a,0,
Quebec,Private land,Other industrial roundwood,Hardwoods,2016,2016,Québec,a,0,
Quebec,Private land,Other industrial roundwood,Hardwoods,2020,2020,Québec,a,,
Quebec,Private land,Other industrial roundwood,Hardwoods,2017,2017,Québec,e,0,
Quebec,Private land,Other industrial roundwood,Hardwoods,2011,2011,Québec,r,0,
Quebec,Private land,Other industrial roundwood,Hardwoods,2015,2015,Québec,r,1696992,1696992
Quebec,Private land,Other industrial roundwood,Hardwoods,1995,1995,Québec,u,,
Quebec,Private land,Other industrial roundwood,Hardwoods,1996,1996,Québec,u,,
Quebec,Private land,Other industrial roundwood,Hardwoods,1997,1997,Québec,u,,
Quebec,Private land,Other industrial roundwood,Hardwoods,1998,1998,Québec,u,,
Quebec,Private land,Other industrial roundwood,Hardwoods,1999,1999,Québec,u,,
Quebec,Private land,Other industrial roundwood,Hardwoods,2000,2000,Québec,u,,
Quebec,Private land,Other industrial roundwood,Hardwoods,2001,2001,Québec,u,,
Quebec,Private land,Other industrial roundwood,Hardwoods,2002,2002,Québec,u,,
Quebec,Private land,Other industrial roundwood,Hardwoods,2003,2003,Québec,u,,
Quebec,Private land,Other industrial roundwood,Hardwoods,2004,2004,Québec,u,,
Quebec,Private land,Other industrial roundwood,Hardwoods,2005,2005,Québec,u,,
Quebec,Private land,Other industrial roundwood,Hardwoods,2006,2006,Québec,u,,
Quebec,Private land,Other industrial roundwood,Hardwoods,2009,2009,Québec,u,,
Quebec,Private land,Other industrial roundwood,Hardwoods,2010,2010,Québec,u,,
Quebec,Private land,Other industrial roundwood,Hardwoods,2012,2012,Québec,u,,
Quebec,Private land,Other industrial roundwood,Hardwoods,2013,2013,Québec,u,,
Quebec,Private land,Other industrial roundwood,Hardwoods,2014,2014,Québec,u,,
Quebec,Private land,Pulpwood,Hardwoods,2018,2018,Québec,E,0,
Quebec,Private land,Pulpwood,Hardwoods,2019,2019,Québec,E,0,
Quebec,Private land,Pulpwood,Hardwoods,1992,1992,Québec,a,1815000,1815000
Quebec,Private land,Pulpwood,Hardwoods,1993,1993,Québec,a,1735900,1735900
Quebec,Private land,Pulpwood,Hardwoods,1994,1994,Québec,a,1593900,1593900
Quebec,Private land,Pulpwood,Hardwoods,1995,1995,Québec,a,1756000,1756000
Quebec,Private land,Pulpwood,Hardwoods,1996,1996,Québec,a,1534900,1534900
Quebec,Private land,Pulpwood,Hardwoods,1997,1997,Québec,a,1633900,1633900
Quebec,Private land,Pulpwood,Hardwoods,1998,1998,Québec,a,1726800,1726800
Quebec,Private land,Pulpwood,Hardwoods,1999,1999,Québec,a,1711600,1711600
Quebec,Private land,Pulpwood,Hardwoods,2000,2000,Québec,a,1388800,1388800
Quebec,Private land,Pulpwood,Hardwoods,2001,2001,Québec,a,1322500,1322500
Quebec,Private land,Pulpwood,Hardwoods,2002,2002,Québec,a,1371600,1371600
Quebec,Private land,Pulpwood,Hardwoods,2006,2006,Québec,a,1115400,1115400
Quebec,Private land,Pulpwood,Hardwoods,2007,2007,Québec,a,1193400,1193400
Quebec,Private land,Pulpwood,Hardwoods,2008,2008,Québec,a,1183100,1183100
Quebec,Private land,Pulpwood,Hardwoods,2009,2009,Québec,a,752100,752100
Quebec,Private land,Pulpwood,Hardwoods,2010,2010,Québec,a,950400,950400
Quebec,Private land,Pulpwood,Hardwoods,2013,2013,Québec,a,982300,982300
Quebec,Private land,Pulpwood,Hardwoods,2014,2014,Québec,a,864300,864300
Quebec,Private land,Pulpwood,Hardwoods,2016,2016,Québec,a,0,
Quebec,Private land,Pulpwood,Hardwoods,2020,2020,Québec,a,,
Quebec,Private land,Pulpwood,Hardwoods,2017,2017,Québec,e,0,
Quebec,Private land,Pulpwood,Hardwoods,2012,2012,Québec,p,943900,943900
Quebec,Private land,Pulpwood,Hardwoods,2003,2003,Québec,r,1249900,1249900
Quebec,Private land,Pulpwood,Hardwoods,2004,2004,Québec,r,1171500,1171500
Quebec,Private land,Pulpwood,Hardwoods,2005,2005,Québec,r,1013600,1013600
Quebec,Private land,Pulpwood,Hardwoods,2011,2011,Québec,r,952000,952000
Quebec,Private land,Pulpwood,Hardwoods,2015,2015,Québec,u,,
Quebec,Provincial land,Fuelwood*b and firewood*c,Hardwoods,2018,2018,Québec,E,0,
Quebec,Provincial land,Fuelwood*b and firewood*c,Hardwoods,2019,2019,Québec,E,0,
Quebec,Provincial land,Fuelwood*b and firewood*c,Hardwoods,1992,1992,Québec,a,34610,34610
Quebec,Provincial land,Fuelwood*b and firewood*c,Hardwoods,1993,1993,Québec,a,33689,33689
Quebec,Provincial land,Fuelwood*b and firewood*c,Hardwoods,1994,1994,Québec,a,39301,39301
Quebec,Provincial land,Fuelwood*b and firewood*c,Hardwoods,1995,1995,Québec,a,24388,24388
Quebec,Provincial land,Fuelwood*b and firewood*c,Hardwoods,1996,1996,Québec,a,14515,14515
Quebec,Provincial land,Fuelwood*b and firewood*c,Hardwoods,1997,1997,Québec,a,11393,11393
Quebec,Provincial land,Fuelwood*b and firewood*c,Hardwoods,1998,1998,Québec,a,48388,48388
Quebec,Provincial land,Fuelwood*b and firewood*c,Hardwoods,1999,1999,Québec,a,76179,76179
Quebec,Provincial land,Fuelwood*b and firewood*c,Hardwoods,2000,2000,Québec,a,45565,45565
Quebec,Provincial land,Fuelwood*b and firewood*c,Hardwoods,2001,2001,Québec,a,80435,80435
Quebec,Provincial land,Fuelwood*b and firewood*c,Hardwoods,2002,2002,Québec,a,74289,74289
Quebec,Provincial land,Fuelwood*b and firewood*c,Hardwoods,2003,2003,Québec,a,112324,112324
Quebec,Provincial land,Fuelwood*b and firewood*c,Hardwoods,2004,2004,Québec,a,30423,30423
Quebec,Provincial land,Fuelwood*b and firewood*c,Hardwoods,2005,2005,Québec,a,138816,138816
Quebec,Provincial land,Fuelwood*b and firewood*c,Hardwoods,2006,2006,Québec,a,44536,44536
Quebec,Provincial land,Fuelwood*b and firewood*c,Hardwoods,2007,2007,Québec,a,14715,14715
Quebec,Provincial land,Fuelwood*b and firewood*c,Hardwoods,2014,2014,Québec,a,14187,14187
Quebec,Provincial land,Fuelwood*b and firewood*c,Hardwoods,2016,2016,Québec,a,0,
Quebec,Provincial land,Fuelwood*b and firewood*c,Hardwoods,2020,2020,Québec,a,,
Quebec,Provincial land,Fuelwood*b and firewood*c,Hardwoods,2017,2017,Québec,e,0,
Quebec,Provincial land,Fuelwood*b and firewood*c,Hardwoods,2008,2008,Québec,r,31309,31309
Quebec,Provincial land,Fuelwood*b and firewood*c,Hardwoods,2009,2009,Québec,r,234630,234630
Quebec,Provincial land,Fuelwood*b and firewood*c,Hardwoods,2010,2010,Québec,r,169566,169566
Quebec,Provincial land,Fuelwood*b and firewood*c,Hardwoods,2011,2011,Québec,r,172219,172219
Quebec,Provincial land,Fuelwood*b and firewood*c,Hardwoods,2012,2012,Québec,r,160911,160911
Quebec,Provincial land,Fuelwood*b and firewood*c,Hardwoods,2013,2013,Québec,r,150987,150987
Quebec,Provincial land,Fuelwood*b and firewood*c,Hardwoods,2015,2015,Québec,u,,
Quebec,Provincial land,Logs and bolts,Hardwoods,1992,1992,Québec,a,2485229,2485229
Quebec,Provincial land,Logs and bolts,Hardwoods,1993,1993,Québec,a,3015464,3015464
Quebec,Provincial land,Logs and bolts,Hardwoods,1994,1994,Québec,a,3567476,3567476
Quebec,Provincial land,Logs and bolts,Hardwoods,1995,1995,Québec,a,3495737,3495737
Quebec,Provincial land,Logs and bolts,Hardwoods,1996,1996,Québec,a,2889760,2889760
Quebec,Provincial land,Logs and bolts,Hardwoods,1997,1997,Québec,a,3917076,3917076
Quebec,Provincial land,Logs and bolts,Hardwoods,1998,1998,Québec,a,4473521,4473521
Quebec,Provincial land,Logs and bolts,Hardwoods,1999,1999,Québec,a,4333134,4333134
Quebec,Provincial land,Logs and bolts,Hardwoods,2000,2000,Québec,a,4251106,4251106
Quebec,Provincial land,Logs and bolts,Hardwoods,2001,2001,Québec,a,4204250,4204250
Quebec,Provincial land,Logs and bolts,Hardwoods,2002,2002,Québec,a,3813538,3813538
Quebec,Provincial land,Logs and bolts,Hardwoods,2003,2003,Québec,a,4608473,4608473
Quebec,Provincial land,Logs and bolts,Hardwoods,2004,2004,Québec,a,4987102,4987102
Quebec,Provincial land,Logs and bolts,Hardwoods,2005,2005,Québec,a,3914314,3914314
Quebec,Provincial land,Logs and bolts,Hardwoods,2006,2006,Québec,a,2916080,2916080
Quebec,Provincial land,Logs and bolts,Hardwoods,2007,2007,Québec,a,2854591,2854591
Quebec,Provincial land,Logs and bolts,Hardwoods,2014,2014,Québec,a,2859450,2859450
Quebec,Provincial land,Logs and bolts,Hardwoods,2016,2016,Québec,a,4908478,4908478
Quebec,Provincial land,Logs and bolts,Hardwoods,2019,2019,Québec,a,4264746,4264746
Quebec,Provincial land,Logs and bolts,Hardwoods,2020,2020,Québec,a,3947620,3947620
Quebec,Provincial land,Logs and bolts,Hardwoods,2008,2008,Québec,r,2480878,2480878
Quebec,Provincial land,Logs and bolts,Hardwoods,2009,2009,Québec,r,2148536,2148536
Quebec,Provincial land,Logs and bolts,Hardwoods,2010,2010,Québec,r,2528077,2528077
Quebec,Provincial land,Logs and bolts,Hardwoods,2011,2011,Québec,r,1918830,1918830
Quebec,Provincial land,Logs and bolts,Hardwoods,2012,2012,Québec,r,2728332,2728332
Quebec,Provincial land,Logs and bolts,Hardwoods,2013,2013,Québec,r,2457311,2457311
Quebec,Provincial land,Logs and bolts,Hardwoods,2017,2017,Québec,r,4012350,4012350
Quebec,Provincial land,Logs and bolts,Hardwoods,2018,2018,Québec,r,4001575,4001575
Quebec,Provincial land,Logs and bolts,Hardwoods,2015,2015,Québec,u,,
Quebec,Provincial land,Other industrial roundwood,Hardwoods,2018,2018,Québec,E,0,
Quebec,Provincial land,Other industrial roundwood,Hardwoods,2019,2019,Québec,E,0,
Quebec,Provincial land,Other industrial roundwood,Hardwoods,1992,1992,Québec,a,1,1
Quebec,Provincial land,Other industrial roundwood,Hardwoods,1993,1993,Québec,a,1688,1688
Quebec,Provincial land,Other industrial roundwood,Hardwoods,1994,1994,Québec,a,4,4
Quebec,Provincial land,Other industrial roundwood,Hardwoods,1995,1995,Québec,a,0,
Quebec,Provincial land,Other industrial roundwood,Hardwoods,1996,1996,Québec,a,7143,7143
Quebec,Provincial land,Other industrial roundwood,Hardwoods,1997,1997,Québec,a,0,
Quebec,Provincial land,Other industrial roundwood,Hardwoods,1998,1998,Québec,a,0,
Quebec,Provincial land,Other industrial roundwood,Hardwoods,1999,1999,Québec,a,0,
Quebec,Provincial land,Other industrial roundwood,Hardwoods,2000,2000,Québec,a,0,
Quebec,Provincial land,Other industrial roundwood,Hardwoods,2001,2001,Québec,a,0,
Quebec,Provincial land,Other industrial roundwood,Hardwoods,2002,2002,Québec,a,0,
Quebec,Provincial land,Other industrial roundwood,Hardwoods,2003,2003,Québec,a,0,
Quebec,Provincial land,Other industrial roundwood,Hardwoods,2004,2004,Québec,a,0,
Quebec,Provincial land,Other industrial roundwood,Hardwoods,2005,2005,Québec,a,25060,25060
Quebec,Provincial land,Other industrial roundwood,Hardwoods,2006,2006,Québec,a,0,
Quebec,Provincial land,Other industrial roundwood,Hardwoods,2007,2007,Québec,a,0,
Quebec,Provincial land,Other industrial roundwood,Hardwoods,2016,2016,Québec,a,0,
Quebec,Provincial land,Other industrial roundwood,Hardwoods,2020,2020,Québec,a,,
Quebec,Provincial land,Other industrial roundwood,Hardwoods,2017,2017,Québec,e,0,
Quebec,Provincial land,Other industrial roundwood,Hardwoods,2008,2008,Québec,r,0,
Quebec,Provincial land,Other industrial roundwood,Hardwoods,2009,2009,Québec,r,0,
Quebec,Provincial land,Other industrial roundwood,Hardwoods,2012,2012,Québec,r,17500,17500
Quebec,Provincial land,Other industrial roundwood,Hardwoods,2013,2013,Québec,r,11537,11537
Quebec,Provincial land,Other industrial roundwood,Hardwoods,2015,2015,Québec,r,4106955,4106955
Quebec,Provincial land,Other industrial roundwood,Hardwoods,2010,2010,Québec,u,,
Quebec,Provincial land,Other industrial roundwood,Hardwoods,2011,2011,Québec,u,,
Quebec,Provincial land,Other industrial roundwood,Hardwoods,2014,2014,Québec,u,,
Quebec,Provincial land,Pulpwood,Hardwoods,2018,2018,Québec,E,0,
Quebec,Provincial land,Pulpwood,Hardwoods,2019,2019,Québec,E,0,
Quebec,Provincial land,Pulpwood,Hardwoods,1992,1992,Québec,a,600819,600819
Quebec,Provincial land,Pulpwood,Hardwoods,1993,1993,Québec,a,440184,440184
Quebec,Provincial land,Pulpwood,Hardwoods,1994,1994,Québec,a,730814,730814
Quebec,Provincial land,Pulpwood,Hardwoods,1995,1995,Québec,a,1000797,1000797
Quebec,Provincial land,Pulpwood,Hardwoods,1996,1996,Québec,a,588313,588313
Quebec,Provincial land,Pulpwood,Hardwoods,1997,1997,Québec,a,745569,745569
Quebec,Provincial land,Pulpwood,Hardwoods,1998,1998,Québec,a,741956,741956
Quebec,Provincial land,Pulpwood,Hardwoods,1999,1999,Québec,a,582682,582682
Quebec,Provincial land,Pulpwood,Hardwoods,2000,2000,Québec,a,696848,696848
Quebec,Provincial land,Pulpwood,Hardwoods,2001,2001,Québec,a,852399,852399
Quebec,Provincial land,Pulpwood,Hardwoods,2002,2002,Québec,a,824944,824944
Quebec,Provincial land,Pulpwood,Hardwoods,2003,2003,Québec,a,858779,858779
Quebec,Provincial land,Pulpwood,Hardwoods,2004,2004,Québec,a,1097206,1097206
Quebec,Provincial land,Pulpwood,Hardwoods,2005,2005,Québec,a,914353,914353
Quebec,Provincial land,Pulpwood,Hardwoods,2006,2006,Québec,a,1137597,1137597
Quebec,Provincial land,Pulpwood,Hardwoods,2007,2007,Québec,a,1292734,1292734
Quebec,Provincial land,Pulpwood,Hardwoods,2014,2014,Québec,a,1258415,1258415
Quebec,Provincial land,Pulpwood,Hardwoods,2016,2016,Québec,a,0,
Quebec,Provincial land,Pulpwood,Hardwoods,2020,2020,Québec,a,,
Quebec,Provincial land,Pulpwood,Hardwoods,2017,2017,Québec,e,0,
Quebec,Provincial land,Pulpwood,Hardwoods,2008,2008,Québec,r,1358825,1358825
Quebec,Provincial land,Pulpwood,Hardwoods,2009,2009,Québec,r,598404,598404
Quebec,Provincial land,Pulpwood,Hardwoods,2010,2010,Québec,r,915179,915179
Quebec,Provincial land,Pulpwood,Hardwoods,2011,2011,Québec,r,1052291,1052291
Quebec,Provincial land,Pulpwood,Hardwoods,2012,2012,Québec,r,1172557,1172557
Quebec,Provincial land,Pulpwood,Hardwoods,2013,2013,Québec,r,953998,953998
Quebec,Provincial land,Pulpwood,Hardwoods,2015,2015,Québec,u,,
Quebec,Federal land,Fuelwood*b and firewood*c,Softwoods,1993,1993,Québec,a,480,480
Quebec,Federal land,Fuelwood*b and firewood*c,Softwoods,1994,1994,Québec,a,542,542
Quebec,Federal land,Fuelwood*b and firewood*c,Softwoods,1997,1997,Québec,a,750,750
Quebec,Federal land,Fuelwood*b and firewood*c,Softwoods,1998,1998,Québec,a,0,
Quebec,Federal land,Fuelwood*b and firewood*c,Softwoods,1999,1999,Québec,a,120,120
Quebec,Federal land,Fuelwood*b and firewood*c,Softwoods,2000,2000,Québec,a,0,
Quebec,Federal land,Fuelwood*b and firewood*c,Softwoods,2001,2001,Québec,a,5,5
Quebec,Federal land,Fuelwood*b and firewood*c,Softwoods,2002,2002,Québec,a,0,
Quebec,Federal land,Fuelwood*b and firewood*c,Softwoods,2003,2003,Québec,a,0,
Quebec,Federal land,Fuelwood*b and firewood*c,Softwoods,2008,2008,Québec,a,3339,3339
Quebec,Federal land,Fuelwood*b and firewood*c,Softwoods,2009,2009,Québec,a,89,89
Quebec,Federal land,Fuelwood*b and firewood*c,Softwoods,2015,2015,Québec,a,96,96
Quebec,Federal land,Fuelwood*b and firewood*c,Softwoods,1992,1992,Québec,u,,
Quebec,Federal land,Fuelwood*b and firewood*c,Softwoods,1995,1995,Québec,u,,
Quebec,Federal land,Fuelwood*b and firewood*c,Softwoods,1996,1996,Québec,u,,
Quebec,Federal land,Fuelwood*b and firewood*c,Softwoods,2004,2004,Québec,u,,
Quebec,Federal land,Fuelwood*b and firewood*c,Softwoods,2005,2005,Québec,u,,
Quebec,Federal land,Fuelwood*b and firewood*c,Softwoods,2006,2006,Québec,u,,
Quebec,Federal land,Fuelwood*b and firewood*c,Softwoods,2007,2007,Québec,u,,
Quebec,Federal land,Fuelwood*b and firewood*c,Softwoods,2010,2010,Québec,u,,
Quebec,Federal land,Fuelwood*b and firewood*c,Softwoods,2011,2011,Québec,u,,
Quebec,Federal land,Fuelwood*b and firewood*c,Softwoods,2012,2012,Québec,u,,
Quebec,Federal land,Fuelwood*b and firewood*c,Softwoods,2013,2013,Québec,u,,
Quebec,Federal land,Fuelwood*b and firewood*c,Softwoods,2014,2014,Québec,u,,
Quebec,Federal land,Fuelwood*b and firewood*c,Softwoods,2016,2016,Québec,u,,
Quebec,Federal land,Fuelwood*b and firewood*c,Softwoods,2017,2017,Québec,u,,
Quebec,Federal land,Fuelwood*b and firewood*c,Softwoods,2018,2018,Québec,u,,
Quebec,Federal land,Logs and bolts,Softwoods,1992,1992,Québec,a,63188,63188
Quebec,Federal land,Logs and bolts,Softwoods,1993,1993,Québec,a,71604,71604
Quebec,Federal land,Logs and bolts,Softwoods,1994,1994,Québec,a,1760,1760
Quebec,Federal land,Logs and bolts,Softwoods,1995,1995,Québec,a,180136,180136
Quebec,Federal land,Logs and bolts,Softwoods,1996,1996,Québec,a,122110,122110
Quebec,Federal land,Logs and bolts,Softwoods,1997,1997,Québec,a,226175,226175
Quebec,Federal land,Logs and bolts,Softwoods,1998,1998,Québec,a,90499,90499
Quebec,Federal land,Logs and bolts,Softwoods,1999,1999,Québec,a,92408,92408
Quebec,Federal land,Logs and bolts,Softwoods,2001,2001,Québec,a,108793,108793
Quebec,Federal land,Logs and bolts,Softwoods,2002,2002,Québec,a,117842,117842
Quebec,Federal land,Logs and bolts,Softwoods,2003,2003,Québec,a,68336,68336
Quebec,Federal land,Logs and bolts,Softwoods,2005,2005,Québec,a,47241,47241
Quebec,Federal land,Logs and bolts,Softwoods,2006,2006,Québec,a,62644,62644
Quebec,Federal land,Logs and bolts,Softwoods,2008,2008,Québec,a,87417,87417
Quebec,Federal land,Logs and bolts,Softwoods,2009,2009,Québec,a,66476,66476
Quebec,Federal land,Logs and bolts,Softwoods,2010,2010,Québec,a,43138,43138
Quebec,Federal land,Logs and bolts,Softwoods,2011,2011,Québec,a,6424,6424
Quebec,Federal land,Logs and bolts,Softwoods,2012,2012,Québec,a,7245,7245
Quebec,Federal land,Logs and bolts,Softwoods,2013,2013,Québec,a,8517,8517
Quebec,Federal land,Logs and bolts,Softwoods,2014,2014,Québec,a,4211,4211
Quebec,Federal land,Logs and bolts,Softwoods,2015,2015,Québec,a,4210,4210
Quebec,Federal land,Logs and bolts,Softwoods,2016,2016,Québec,a,7648,7648
Quebec,Federal land,Logs and bolts,Softwoods,2000,2000,Québec,e,113213,113213
Quebec,Federal land,Logs and bolts,Softwoods,2004,2004,Québec,u,,
Quebec,Federal land,Logs and bolts,Softwoods,2007,2007,Québec,u,,
Quebec,Federal land,Logs and bolts,Softwoods,2017,2017,Québec,u,,
Quebec,Federal land,Logs and bolts,Softwoods,2018,2018,Québec,u,,
Quebec,Federal land,Other industrial roundwood,Softwoods,1992,1992,Québec,a,990,990
Quebec,Federal land,Other industrial roundwood,Softwoods,1993,1993,Québec,a,0,
Quebec,Federal land,Other industrial roundwood,Softwoods,1994,1994,Québec,a,0,
Quebec,Federal land,Other industrial roundwood,Softwoods,1995,1995,Québec,a,0,
Quebec,Federal land,Other industrial roundwood,Softwoods,1996,1996,Québec,a,0,
Quebec,Federal land,Other industrial roundwood,Softwoods,1997,1997,Québec,a,0,
Quebec,Federal land,Other industrial roundwood,Softwoods,1998,1998,Québec,a,29,29
Quebec,Federal land,Other industrial roundwood,Softwoods,1999,1999,Québec,a,0,
Quebec,Federal land,Other industrial roundwood,Softwoods,2000,2000,Québec,a,0,
Quebec,Federal land,Other industrial roundwood,Softwoods,2001,2001,Québec,a,0,
Quebec,Federal land,Other industrial roundwood,Softwoods,2002,2002,Québec,a,0,
Quebec,Federal land,Other industrial roundwood,Softwoods,2003,2003,Québec,a,155,155
Quebec,Federal land,Other industrial roundwood,Softwoods,2010,2010,Québec,a,205,205
Quebec,Federal land,Other industrial roundwood,Softwoods,2011,2011,Québec,a,8,8
Quebec,Federal land,Other industrial roundwood,Softwoods,2012,2012,Québec,a,491,491
Quebec,Federal land,Other industrial roundwood,Softwoods,2004,2004,Québec,u,,
Quebec,Federal land,Other industrial roundwood,Softwoods,2005,2005,Québec,u,,
Quebec,Federal land,Other industrial roundwood,Softwoods,2006,2006,Québec,u,,
Quebec,Federal land,Other industrial roundwood,Softwoods,2007,2007,Québec,u,,
Quebec,Federal land,Other industrial roundwood,Softwoods,2008,2008,Québec,u,,
Quebec,Federal land,Other industrial roundwood,Softwoods,2009,2009,Québec,u,,
Quebec,Federal land,Other industrial roundwood,Softwoods,2013,2013,Québec,u,,
Quebec,Federal land,Other industrial roundwood,Softwoods,2014,2014,Québec,u,,
Quebec,Federal land,Other industrial roundwood,Softwoods,2015,2015,Québec,u,,
Quebec,Federal land,Other industrial roundwood,Softwoods,2016,2016,Québec,u,,
Quebec,Federal land,Other industrial roundwood,Softwoods,2017,2017,Québec,u,,
Quebec,Federal land,Other industrial roundwood,Softwoods,2018,2018,Québec,u,,
Quebec,Federal land,Pulpwood,Softwoods,1992,1992,Québec,a,14457,14457
Quebec,Federal land,Pulpwood,Softwoods,1993,1993,Québec,a,59894,59894
Quebec,Federal land,Pulpwood,Softwoods,1994,1994,Québec,a,668,668
Quebec,Federal land,Pulpwood,Softwoods,1995,1995,Québec,a,1173,1173
Quebec,Federal land,Pulpwood,Softwoods,1996,1996,Québec,a,3296,3296
Quebec,Federal land,Pulpwood,Softwoods,1997,1997,Québec,a,14240,14240
Quebec,Federal land,Pulpwood,Softwoods,1998,1998,Québec,a,3365,3365
Quebec,Federal land,Pulpwood,Softwoods,1999,1999,Québec,a,3444,3444
Quebec,Federal land,Pulpwood,Softwoods,2001,2001,Québec,a,250,250
Quebec,Federal land,Pulpwood,Softwoods,2002,2002,Québec,a,0,
Quebec,Federal land,Pulpwood,Softwoods,2003,2003,Québec,a,0,
Quebec,Federal land,Pulpwood,Softwoods,2006,2006,Québec,a,1800,1800
Quebec,Federal land,Pulpwood,Softwoods,2008,2008,Québec,a,1455,1455
Quebec,Federal land,Pulpwood,Softwoods,2009,2009,Québec,a,0,
Quebec,Federal land,Pulpwood,Softwoods,2010,2010,Québec,a,2304,2304
Quebec,Federal land,Pulpwood,Softwoods,2013,2013,Québec,a,1093,1093
Quebec,Federal land,Pulpwood,Softwoods,2014,2014,Québec,a,718,718
Quebec,Federal land,Pulpwood,Softwoods,2015,2015,Québec,a,717,717
Quebec,Federal land,Pulpwood,Softwoods,2000,2000,Québec,e,502,502
Quebec,Federal land,Pulpwood,Softwoods,2004,2004,Québec,u,,
Quebec,Federal land,Pulpwood,Softwoods,2005,2005,Québec,u,,
Quebec,Federal land,Pulpwood,Softwoods,2007,2007,Québec,u,,
Quebec,Federal land,Pulpwood,Softwoods,2011,2011,Québec,u,,
Quebec,Federal land,Pulpwood,Softwoods,2012,2012,Québec,u,,
Quebec,Federal land,Pulpwood,Softwoods,2016,2016,Québec,u,,
Quebec,Federal land,Pulpwood,Softwoods,2017,2017,Québec,u,,
Quebec,Federal land,Pulpwood,Softwoods,2018,2018,Québec,u,,
Quebec,Private land,Fuelwood*b and firewood*c,Softwoods,2018,2018,Québec,E,0,
Quebec,Private land,Fuelwood*b and firewood*c,Softwoods,2019,2019,Québec,E,0,
Quebec,Private land,Fuelwood*b and firewood*c,Softwoods,2008,2008,Québec,a,0,
Quebec,Private land,Fuelwood*b and firewood*c,Softwoods,2010,2010,Québec,a,0,
Quebec,Private land,Fuelwood*b and firewood*c,Softwoods,2016,2016,Québec,a,0,
Quebec,Private land,Fuelwood*b and firewood*c,Softwoods,2020,2020,Québec,a,,
Quebec,Private land,Fuelwood*b and firewood*c,Softwoods,2017,2017,Québec,e,0,
Quebec,Private land,Fuelwood*b and firewood*c,Softwoods,1992,1992,Québec,u,,
Quebec,Private land,Fuelwood*b and firewood*c,Softwoods,1993,1993,Québec,u,,
Quebec,Private land,Fuelwood*b and firewood*c,Softwoods,1994,1994,Québec,u,,
Quebec,Private land,Fuelwood*b and firewood*c,Softwoods,1995,1995,Québec,u,,
Quebec,Private land,Fuelwood*b and firewood*c,Softwoods,1996,1996,Québec,u,,
Quebec,Private land,Fuelwood*b and firewood*c,Softwoods,1997,1997,Québec,u,,
Quebec,Private land,Fuelwood*b and firewood*c,Softwoods,1998,1998,Québec,u,,
Quebec,Private land,Fuelwood*b and firewood*c,Softwoods,1999,1999,Québec,u,,
Quebec,Private land,Fuelwood*b and firewood*c,Softwoods,2000,2000,Québec,u,,
Quebec,Private land,Fuelwood*b and firewood*c,Softwoods,2001,2001,Québec,u,,
Quebec,Private land,Fuelwood*b and firewood*c,Softwoods,2002,2002,Québec,u,,
Quebec,Private land,Fuelwood*b and firewood*c,Softwoods,2003,2003,Québec,u,,
Quebec,Private land,Fuelwood*b and firewood*c,Softwoods,2004,2004,Québec,u,,
Quebec,Private land,Fuelwood*b and firewood*c,Softwoods,2005,2005,Québec,u,,
Quebec,Private land,Fuelwood*b and firewood*c,Softwoods,2006,2006,Québec,u,,
Quebec,Private land,Fuelwood*b and firewood*c,Softwoods,2007,2007,Québec,u,,
Quebec,Private land,Fuelwood*b and firewood*c,Softwoods,2009,2009,Québec,u,,
Quebec,Private land,Fuelwood*b and firewood*c,Softwoods,2011,2011,Québec,u,,
Quebec,Private land,Fuelwood*b and firewood*c,Softwoods,2012,2012,Québec,u,,
Quebec,Private land,Fuelwood*b and firewood*c,Softwoods,2013,2013,Québec,u,,
Quebec,Private land,Fuelwood*b and firewood*c,Softwoods,2014,2014,Québec,u,,
Quebec,Private land,Fuelwood*b and firewood*c,Softwoods,2015,2015,Québec,u,,
Quebec,Private land,Logs and bolts,Softwoods,2018,2018,Québec,E,4598991,4598991
Quebec,Private land,Logs and bolts,Softwoods,2019,2019,Québec,E,4531948,4531948
Quebec,Private land,Logs and bolts,Softwoods,1993,1993,Québec,a,2417800,2417800
Quebec,Private land,Logs and bolts,Softwoods,1994,1994,Québec,a,3089100,3089100
Quebec,Private land,Logs and bolts,Softwoods,1995,1995,Québec,a,3374000,3374000
Quebec,Private land,Logs and bolts,Softwoods,1996,1996,Québec,a,3432700,3432700
Quebec,Private land,Logs and bolts,Softwoods,1997,1997,Québec,a,3425000,3425000
Quebec,Private land,Logs and bolts,Softwoods,1998,1998,Québec,a,3934500,3934500
Quebec,Private land,Logs and bolts,Softwoods,1999,1999,Québec,a,4536200,4536200
Quebec,Private land,Logs and bolts,Softwoods,2000,2000,Québec,a,4515700,4515700
Quebec,Private land,Logs and bolts,Softwoods,2001,2001,Québec,a,4134800,4134800
Quebec,Private land,Logs and bolts,Softwoods,2002,2002,Québec,a,4127700,4127700
Quebec,Private land,Logs and bolts,Softwoods,2006,2006,Québec,a,3575500,3575500
Quebec,Private land,Logs and bolts,Softwoods,2007,2007,Québec,a,2821400,2821400
Quebec,Private land,Logs and bolts,Softwoods,2008,2008,Québec,a,2036400,2036400
Quebec,Private land,Logs and bolts,Softwoods,2009,2009,Québec,a,1646700,1646700
Quebec,Private land,Logs and bolts,Softwoods,2010,2010,Québec,a,2009800,2009800
Quebec,Private land,Logs and bolts,Softwoods,2013,2013,Québec,a,2125300,2125300
Quebec,Private land,Logs and bolts,Softwoods,2014,2014,Québec,a,2869000,2869000
Quebec,Private land,Logs and bolts,Softwoods,2016,2016,Québec,a,2343830,2343830
Quebec,Private land,Logs and bolts,Softwoods,2020,2020,Québec,a,4555300,4555300
Quebec,Private land,Logs and bolts,Softwoods,2017,2017,Québec,e,4363912,4363912
Quebec,Private land,Logs and bolts,Softwoods,2012,2012,Québec,p,1762500,1762500
Quebec,Private land,Logs and bolts,Softwoods,1992,1992,Québec,r,2178600,2178600
Quebec,Private land,Logs and bolts,Softwoods,2003,2003,Québec,r,3856200,3856200
Quebec,Private land,Logs and bolts,Softwoods,2004,2004,Québec,r,3505600,3505600
Quebec,Private land,Logs and bolts,Softwoods,2005,2005,Québec,r,3725200,3725200
Quebec,Private land,Logs and bolts,Softwoods,2011,2011,Québec,r,1736000,1736000
Quebec,Private land,Logs and bolts,Softwoods,2015,2015,Québec,u,,
Quebec,Private land,Other industrial roundwood,Softwoods,2018,2018,Québec,E,0,
Quebec,Private land,Other industrial roundwood,Softwoods,2019,2019,Québec,E,0,
Quebec,Private land,Other industrial roundwood,Softwoods,1992,1992,Québec,a,3400,3400
Quebec,Private land,Other industrial roundwood,Softwoods,1993,1993,Québec,a,6200,6200
Quebec,Private land,Other industrial roundwood,Softwoods,1994,1994,Québec,a,6800,6800
Quebec,Private land,Other industrial roundwood,Softwoods,1995,1995,Québec,a,10600,10600
Quebec,Private land,Other industrial roundwood,Softwoods,1996,1996,Québec,a,3600,3600
Quebec,Private land,Other industrial roundwood,Softwoods,1997,1997,Québec,a,4400,4400
Quebec,Private land,Other industrial roundwood,Softwoods,1998,1998,Québec,a,6200,6200
Quebec,Private land,Other industrial roundwood,Softwoods,1999,1999,Québec,a,10300,10300
Quebec,Private land,Other industrial roundwood,Softwoods,2000,2000,Québec,a,15600,15600
Quebec,Private land,Other industrial roundwood,Softwoods,2001,2001,Québec,a,14200,14200
Quebec,Private land,Other industrial roundwood,Softwoods,2002,2002,Québec,a,0,
Quebec,Private land,Other industrial roundwood,Softwoods,2006,2006,Québec,a,3700,3700
Quebec,Private land,Other industrial roundwood,Softwoods,2007,2007,Québec,a,4700,4700
Quebec,Private land,Other industrial roundwood,Softwoods,2008,2008,Québec,a,2400,2400
Quebec,Private land,Other industrial roundwood,Softwoods,2009,2009,Québec,a,2400,2400
Quebec,Private land,Other industrial roundwood,Softwoods,2010,2010,Québec,a,3100,3100
Quebec,Private land,Other industrial roundwood,Softwoods,2013,2013,Québec,a,2900,2900
Quebec,Private land,Other industrial roundwood,Softwoods,2014,2014,Québec,a,1500,1500
Quebec,Private land,Other industrial roundwood,Softwoods,2016,2016,Québec,a,0,
Quebec,Private land,Other industrial roundwood,Softwoods,2020,2020,Québec,a,,
Quebec,Private land,Other industrial roundwood,Softwoods,2017,2017,Québec,e,0,
Quebec,Private land,Other industrial roundwood,Softwoods,2012,2012,Québec,p,1800,1800
Quebec,Private land,Other industrial roundwood,Softwoods,2003,2003,Québec,r,3200,3200
Quebec,Private land,Other industrial roundwood,Softwoods,2004,2004,Québec,r,600,600
Quebec,Private land,Other industrial roundwood,Softwoods,2005,2005,Québec,r,3600,3600
Quebec,Private land,Other industrial roundwood,Softwoods,2011,2011,Québec,r,1000,1000
Quebec,Private land,Other industrial roundwood,Softwoods,2015,2015,Québec,r,3166636,3166636
Quebec,Private land,Pulpwood,Softwoods,2018,2018,Québec,E,0,
Quebec,Private land,Pulpwood,Softwoods,2019,2019,Québec,E,0,
Quebec,Private land,Pulpwood,Softwoods,1992,1992,Québec,a,1770200,1770200
Quebec,Private land,Pulpwood,Softwoods,1993,1993,Québec,a,1438700,1438700
Quebec,Private land,Pulpwood,Softwoods,1994,1994,Québec,a,981000,981000
Quebec,Private land,Pulpwood,Softwoods,1995,1995,Québec,a,1367600,1367600
Quebec,Private land,Pulpwood,Softwoods,1996,1996,Québec,a,1117900,1117900
Quebec,Private land,Pulpwood,Softwoods,1997,1997,Québec,a,1051200,1051200
Quebec,Private land,Pulpwood,Softwoods,1998,1998,Québec,a,745600,745600
Quebec,Private land,Pulpwood,Softwoods,1999,1999,Québec,a,811300,811300
Quebec,Private land,Pulpwood,Softwoods,2000,2000,Québec,a,843700,843700
Quebec,Private land,Pulpwood,Softwoods,2001,2001,Québec,a,770800,770800
Quebec,Private land,Pulpwood,Softwoods,2002,2002,Québec,a,701900,701900
Quebec,Private land,Pulpwood,Softwoods,2006,2006,Québec,a,592300,592300
Quebec,Private land,Pulpwood,Softwoods,2007,2007,Québec,a,604500,604500
Quebec,Private land,Pulpwood,Softwoods,2008,2008,Québec,a,539800,539800
Quebec,Private land,Pulpwood,Softwoods,2009,2009,Québec,a,326600,326600
Quebec,Private land,Pulpwood,Softwoods,2010,2010,Québec,a,270600,270600
Quebec,Private land,Pulpwood,Softwoods,2013,2013,Québec,a,337700,337700
Quebec,Private land,Pulpwood,Softwoods,2014,2014,Québec,a,321700,321700
Quebec,Private land,Pulpwood,Softwoods,2016,2016,Québec,a,0,
Quebec,Private land,Pulpwood,Softwoods,2020,2020,Québec,a,,
Quebec,Private land,Pulpwood,Softwoods,2017,2017,Québec,e,0,
Quebec,Private land,Pulpwood,Softwoods,2012,2012,Québec,p,462200,462200
Quebec,Private land,Pulpwood,Softwoods,2003,2003,Québec,r,618900,618900
Quebec,Private land,Pulpwood,Softwoods,2004,2004,Québec,r,641400,641400
Quebec,Private land,Pulpwood,Softwoods,2005,2005,Québec,r,568900,568900
Quebec,Private land,Pulpwood,Softwoods,2011,2011,Québec,r,498500,498500
Quebec,Private land,Pulpwood,Softwoods,2015,2015,Québec,u,,
Quebec,Provincial land,Fuelwood*b and firewood*c,Softwoods,2018,2018,Québec,E,0,
Quebec,Provincial land,Fuelwood*b and firewood*c,Softwoods,2019,2019,Québec,E,0,
Quebec,Provincial land,Fuelwood*b and firewood*c,Softwoods,1992,1992,Québec,a,1292,1292
Quebec,Provincial land,Fuelwood*b and firewood*c,Softwoods,1993,1993,Québec,a,3394,3394
Quebec,Provincial land,Fuelwood*b and firewood*c,Softwoods,1994,1994,Québec,a,8243,8243
Quebec,Provincial land,Fuelwood*b and firewood*c,Softwoods,1995,1995,Québec,a,11781,11781
Quebec,Provincial land,Fuelwood*b and firewood*c,Softwoods,1996,1996,Québec,a,9095,9095
Quebec,Provincial land,Fuelwood*b and firewood*c,Softwoods,1997,1997,Québec,a,6295,6295
Quebec,Provincial land,Fuelwood*b and firewood*c,Softwoods,1998,1998,Québec,a,2558,2558
Quebec,Provincial land,Fuelwood*b and firewood*c,Softwoods,1999,1999,Québec,a,3322,3322
Quebec,Provincial land,Fuelwood*b and firewood*c,Softwoods,2000,2000,Québec,a,287,287
Quebec,Provincial land,Fuelwood*b and firewood*c,Softwoods,2001,2001,Québec,a,6096,6096
Quebec,Provincial land,Fuelwood*b and firewood*c,Softwoods,2002,2002,Québec,a,10718,10718
Quebec,Provincial land,Fuelwood*b and firewood*c,Softwoods,2003,2003,Québec,a,9758,9758
Quebec,Provincial land,Fuelwood*b and firewood*c,Softwoods,2004,2004,Québec,a,71,71
Quebec,Provincial land,Fuelwood*b and firewood*c,Softwoods,2005,2005,Québec,a,0,
Quebec,Provincial land,Fuelwood*b and firewood*c,Softwoods,2006,2006,Québec,a,78,78
Quebec,Provincial land,Fuelwood*b and firewood*c,Softwoods,2007,2007,Québec,a,1,1
Quebec,Provincial land,Fuelwood*b and firewood*c,Softwoods,2008,2008,Québec,a,0,
Quebec,Provincial land,Fuelwood*b and firewood*c,Softwoods,2014,2014,Québec,a,5028,5028
Quebec,Provincial land,Fuelwood*b and firewood*c,Softwoods,2016,2016,Québec,a,0,
Quebec,Provincial land,Fuelwood*b and firewood*c,Softwoods,2020,2020,Québec,a,,
Quebec,Provincial land,Fuelwood*b and firewood*c,Softwoods,2017,2017,Québec,e,0,
Quebec,Provincial land,Fuelwood*b and firewood*c,Softwoods,2009,2009,Québec,r,1162,1162
Quebec,Provincial land,Fuelwood*b and firewood*c,Softwoods,2010,2010,Québec,r,918,918
Quebec,Provincial land,Fuelwood*b and firewood*c,Softwoods,2011,2011,Québec,r,36704,36704
Quebec,Provincial land,Fuelwood*b and firewood*c,Softwoods,2012,2012,Québec,r,7672,7672
Quebec,Provincial land,Fuelwood*b and firewood*c,Softwoods,2013,2013,Québec,r,158892,158892
Quebec,Provincial land,Fuelwood*b and firewood*c,Softwoods,2015,2015,Québec,u,,
Quebec,Provincial land,Logs and bolts,Softwoods,1992,1992,Québec,a,16519269,16519269
Quebec,Provincial land,Logs and bolts,Softwoods,1993,1993,Québec,a,20028427,20028427
Quebec,Provincial land,Logs and bolts,Softwoods,1994,1994,Québec,a,22879910,22879910
Quebec,Provincial land,Logs and bolts,Softwoods,1995,1995,Québec,a,24995610,24995610
Quebec,Provincial land,Logs and bolts,Softwoods,1996,1996,Québec,a,23925343,23925343
Quebec,Provincial land,Logs and bolts,Softwoods,1997,1997,Québec,a,26539428,26539428
Quebec,Provincial land,Logs and bolts,Softwoods,1998,1998,Québec,a,26558931,26558931
Quebec,Provincial land,Logs and bolts,Softwoods,1999,1999,Québec,a,28247072,28247072
Quebec,Provincial land,Logs and bolts,Softwoods,2000,2000,Québec,a,26438880,26438880
Quebec,Provincial land,Logs and bolts,Softwoods,2001,2001,Québec,a,24504879,24504879
Quebec,Provincial land,Logs and bolts,Softwoods,2002,2002,Québec,a,25840050,25840050
Quebec,Provincial land,Logs and bolts,Softwoods,2003,2003,Québec,a,24600202,24600202
Quebec,Provincial land,Logs and bolts,Softwoods,2004,2004,Québec,a,27326418,27326418
Quebec,Provincial land,Logs and bolts,Softwoods,2005,2005,Québec,a,23949018,23949018
Quebec,Provincial land,Logs and bolts,Softwoods,2006,2006,Québec,a,19886321,19886321
Quebec,Provincial land,Logs and bolts,Softwoods,2007,2007,Québec,a,18377778,18377778
Quebec,Provincial land,Logs and bolts,Softwoods,2014,2014,Québec,a,17462937,17462937
Quebec,Provincial land,Logs and bolts,Softwoods,2016,2016,Québec,a,19216086,19216086
Quebec,Provincial land,Logs and bolts,Softwoods,2019,2019,Québec,a,16576691,16576691
Quebec,Provincial land,Logs and bolts,Softwoods,2020,2020,Québec,a,15818579,15818579
Quebec,Provincial land,Logs and bolts,Softwoods,2008,2008,Québec,r,14668764,14668764
Quebec,Provincial land,Logs and bolts,Softwoods,2009,2009,Québec,r,12679938,12679938
Quebec,Provincial land,Logs and bolts,Softwoods,2010,2010,Québec,r,16222431,16222431
Quebec,Provincial land,Logs and bolts,Softwoods,2011,2011,Québec,r,14257273,14257273
Quebec,Provincial land,Logs and bolts,Softwoods,2012,2012,Québec,r,17975656,17975656
Quebec,Provincial land,Logs and bolts,Softwoods,2013,2013,Québec,r,16410493,16410493
Quebec,Provincial land,Logs and bolts,Softwoods,2017,2017,Québec,r,16895845,16895845
Quebec,Provincial land,Logs and bolts,Softwoods,2018,2018,Québec,r,17030802,17030802
Quebec,Provincial land,Logs and bolts,Softwoods,2015,2015,Québec,u,,
Quebec,Provincial land,Other industrial roundwood,Softwoods,2018,2018,Québec,E,0,
Quebec,Provincial land,Other industrial roundwood,Softwoods,2019,2019,Québec,E,0,
Quebec,Provincial land,Other industrial roundwood,Softwoods,1992,1992,Québec,a,66857,66857
Quebec,Provincial land,Other industrial roundwood,Softwoods,1993,1993,Québec,a,99026,99026
Quebec,Provincial land,Other industrial roundwood,Softwoods,1994,1994,Québec,a,133828,133828
Quebec,Provincial land,Other industrial roundwood,Softwoods,1995,1995,Québec,a,120342,120342
Quebec,Provincial land,Other industrial roundwood,Softwoods,1996,1996,Québec,a,86463,86463
Quebec,Provincial land,Other industrial roundwood,Softwoods,1997,1997,Québec,a,109026,109026
Quebec,Provincial land,Other industrial roundwood,Softwoods,1998,1998,Québec,a,127016,127016
Quebec,Provincial land,Other industrial roundwood,Softwoods,1999,1999,Québec,a,128813,128813
Quebec,Provincial land,Other industrial roundwood,Softwoods,2000,2000,Québec,a,101112,101112
Quebec,Provincial land,Other industrial roundwood,Softwoods,2001,2001,Québec,a,84140,84140
Quebec,Provincial land,Other industrial roundwood,Softwoods,2002,2002,Québec,a,42592,42592
Quebec,Provincial land,Other industrial roundwood,Softwoods,2003,2003,Québec,a,22657,22657
Quebec,Provincial land,Other industrial roundwood,Softwoods,2004,2004,Québec,a,23936,23936
Quebec,Provincial land,Other industrial roundwood,Softwoods,2005,2005,Québec,a,13167,13167
Quebec,Provincial land,Other industrial roundwood,Softwoods,2006,2006,Québec,a,34013,34013
Quebec,Provincial land,Other industrial roundwood,Softwoods,2007,2007,Québec,a,19754,19754
Quebec,Provincial land,Other industrial roundwood,Softwoods,2014,2014,Québec,a,14423,14423
Quebec,Provincial land,Other industrial roundwood,Softwoods,2016,2016,Québec,a,0,
Quebec,Provincial land,Other industrial roundwood,Softwoods,2020,2020,Québec,a,,
Quebec,Provincial land,Other industrial roundwood,Softwoods,2017,2017,Québec,e,0,
Quebec,Provincial land,Other industrial roundwood,Softwoods,2008,2008,Québec,r,5984,5984
Quebec,Provincial land,Other industrial roundwood,Softwoods,2009,2009,Québec,r,3091,3091
Quebec,Provincial land,Other industrial roundwood,Softwoods,2010,2010,Québec,r,2409,2409
Quebec,Provincial land,Other industrial roundwood,Softwoods,2011,2011,Québec,r,7385,7385
Quebec,Provincial land,Other industrial roundwood,Softwoods,2012,2012,Québec,r,12733,12733
Quebec,Provincial land,Other industrial roundwood,Softwoods,2013,2013,Québec,r,11731,11731
Quebec,Provincial land,Other industrial roundwood,Softwoods,2015,2015,Québec,r,17728423,17728423
Quebec,Provincial land,Pulpwood,Softwoods,2018,2018,Québec,E,0,
Quebec,Provincial land,Pulpwood,Softwoods,2019,2019,Québec,E,0,
Quebec,Provincial land,Pulpwood,Softwoods,1992,1992,Québec,a,2316394,2316394
Quebec,Provincial land,Pulpwood,Softwoods,1993,1993,Québec,a,1520124,1520124
Quebec,Provincial land,Pulpwood,Softwoods,1994,1994,Québec,a,1862728,1862728
Quebec,Provincial land,Pulpwood,Softwoods,1995,1995,Québec,a,1639394,1639394
Quebec,Provincial land,Pulpwood,Softwoods,1996,1996,Québec,a,984053,984053
Quebec,Provincial land,Pulpwood,Softwoods,1997,1997,Québec,a,1339722,1339722
Quebec,Provincial land,Pulpwood,Softwoods,1998,1998,Québec,a,1045221,1045221
Quebec,Provincial land,Pulpwood,Softwoods,1999,1999,Québec,a,914841,914841
Quebec,Provincial land,Pulpwood,Softwoods,2000,2000,Québec,a,954092,954092
Quebec,Provincial land,Pulpwood,Softwoods,2001,2001,Québec,a,493967,493967
Quebec,Provincial land,Pulpwood,Softwoods,2002,2002,Québec,a,723011,723011
Quebec,Provincial land,Pulpwood,Softwoods,2003,2003,Québec,a,560875,560875
Quebec,Provincial land,Pulpwood,Softwoods,2004,2004,Québec,a,622826,622826
Quebec,Provincial land,Pulpwood,Softwoods,2005,2005,Québec,a,444799,444799
Quebec,Provincial land,Pulpwood,Softwoods,2006,2006,Québec,a,620701,620701
Quebec,Provincial land,Pulpwood,Softwoods,2007,2007,Québec,a,487455,487455
Quebec,Provincial land,Pulpwood,Softwoods,2014,2014,Québec,a,20009,20009
Quebec,Provincial land,Pulpwood,Softwoods,2016,2016,Québec,a,0,
Quebec,Provincial land,Pulpwood,Softwoods,2020,2020,Québec,a,,
Quebec,Provincial land,Pulpwood,Softwoods,2017,2017,Québec,e,0,
Quebec,Provincial land,Pulpwood,Softwoods,2008,2008,Québec,r,554714,554714
Quebec,Provincial land,Pulpwood,Softwoods,2009,2009,Québec,r,439861,439861
Quebec,Provincial land,Pulpwood,Softwoods,2010,2010,Québec,r,514922,514922
Quebec,Provincial land,Pulpwood,Softwoods,2011,2011,Québec,r,351469,351469
Quebec,Provincial land,Pulpwood,Softwoods,2012,2012,Québec,r,352885,352885
Quebec,Provincial land,Pulpwood,Softwoods,2013,2013,Québec,r,145272,145272
Quebec,Provincial land,Pulpwood,Softwoods,2015,2015,Québec,u,,
Quebec,Federal land,Fuelwood*b and firewood*c,Unspecified,1992,1992,Québec,u,,
Quebec,Federal land,Fuelwood*b and firewood*c,Unspecified,1993,1993,Québec,u,,
Quebec,Federal land,Fuelwood*b and firewood*c,Unspecified,1994,1994,Québec,u,,
Quebec,Federal land,Fuelwood*b and firewood*c,Unspecified,1995,1995,Québec,u,,
Quebec,Federal land,Fuelwood*b and firewood*c,Unspecified,1996,1996,Québec,u,,
Quebec,Federal land,Fuelwood*b and firewood*c,Unspecified,1997,1997,Québec,u,,
Quebec,Federal land,Fuelwood*b and firewood*c,Unspecified,1998,1998,Québec,u,,
Quebec,Federal land,Fuelwood*b and firewood*c,Unspecified,1999,1999,Québec,u,,
Quebec,Federal land,Fuelwood*b and firewood*c,Unspecified,2000,2000,Québec,u,,
Quebec,Federal land,Fuelwood*b and firewood*c,Unspecified,2001,2001,Québec,u,,
Quebec,Federal land,Fuelwood*b and firewood*c,Unspecified,2002,2002,Québec,u,,
Quebec,Federal land,Fuelwood*b and firewood*c,Unspecified,2003,2003,Québec,u,,
Quebec,Federal land,Fuelwood*b and firewood*c,Unspecified,2004,2004,Québec,u,,
Quebec,Federal land,Fuelwood*b and firewood*c,Unspecified,2005,2005,Québec,u,,
Quebec,Federal land,Fuelwood*b and firewood*c,Unspecified,2006,2006,Québec,u,,
Quebec,Federal land,Fuelwood*b and firewood*c,Unspecified,2007,2007,Québec,u,,
Quebec,Federal land,Fuelwood*b and firewood*c,Unspecified,2008,2008,Québec,u,,
Quebec,Federal land,Fuelwood*b and firewood*c,Unspecified,2009,2009,Québec,u,,
Quebec,Federal land,Fuelwood*b and firewood*c,Unspecified,2010,2010,Québec,u,,
Quebec,Federal land,Fuelwood*b and firewood*c,Unspecified,2011,2011,Québec,u,,
Quebec,Federal land,Fuelwood*b and firewood*c,Unspecified,2012,2012,Québec,u,,
Quebec,Federal land,Fuelwood*b and firewood*c,Unspecified,2013,2013,Québec,u,,
Quebec,Federal land,Fuelwood*b and firewood*c,Unspecified,2014,2014,Québec,u,,
Quebec,Federal land,Fuelwood*b and firewood*c,Unspecified,2015,2015,Québec,u,,
Quebec,Federal land,Fuelwood*b and firewood*c,Unspecified,2016,2016,Québec,u,,
Quebec,Federal land,Fuelwood*b and firewood*c,Unspecified,2017,2017,Québec,u,,
Quebec,Federal land,Fuelwood*b and firewood*c,Unspecified,2018,2018,Québec,u,,
Quebec,Federal land,Logs and bolts,Unspecified,1992,1992,Québec,u,,
Quebec,Federal land,Logs and bolts,Unspecified,1993,1993,Québec,u,,
Quebec,Federal land,Logs and bolts,Unspecified,1994,1994,Québec,u,,
Quebec,Federal land,Logs and bolts,Unspecified,1995,1995,Québec,u,,
Quebec,Federal land,Logs and bolts,Unspecified,1996,1996,Québec,u,,
Quebec,Federal land,Logs and bolts,Unspecified,1997,1997,Québec,u,,
Quebec,Federal land,Logs and bolts,Unspecified,1998,1998,Québec,u,,
Quebec,Federal land,Logs and bolts,Unspecified,1999,1999,Québec,u,,
Quebec,Federal land,Logs and bolts,Unspecified,2000,2000,Québec,u,,
Quebec,Federal land,Logs and bolts,Unspecified,2001,2001,Québec,u,,
Quebec,Federal land,Logs and bolts,Unspecified,2002,2002,Québec,u,,
Quebec,Federal land,Logs and bolts,Unspecified,2003,2003,Québec,u,,
Quebec,Federal land,Logs and bolts,Unspecified,2004,2004,Québec,u,,
Quebec,Federal land,Logs and bolts,Unspecified,2005,2005,Québec,u,,
Quebec,Federal land,Logs and bolts,Unspecified,2006,2006,Québec,u,,
Quebec,Federal land,Logs and bolts,Unspecified,2007,2007,Québec,u,,
Quebec,Federal land,Logs and bolts,Unspecified,2008,2008,Québec,u,,
Quebec,Federal land,Logs and bolts,Unspecified,2009,2009,Québec,u,,
Quebec,Federal land,Logs and bolts,Unspecified,2010,2010,Québec,u,,
Quebec,Federal land,Logs and bolts,Unspecified,2011,2011,Québec,u,,
Quebec,Federal land,Logs and bolts,Unspecified,2012,2012,Québec,u,,
Quebec,Federal land,Logs and bolts,Unspecified,2013,2013,Québec,u,,
Quebec,Federal land,Logs and bolts,Unspecified,2014,2014,Québec,u,,
Quebec,Federal land,Logs and bolts,Unspecified,2015,2015,Québec,u,,
Quebec,Federal land,Logs and bolts,Unspecified,2016,2016,Québec,u,,
Quebec,Federal land,Logs and bolts,Unspecified,2017,2017,Québec,u,,
Quebec,Federal land,Logs and bolts,Unspecified,2018,2018,Québec,u,,
Quebec,Federal land,Other industrial roundwood,Unspecified,1992,1992,Québec,u,,
Quebec,Federal land,Other industrial roundwood,Unspecified,1993,1993,Québec,u,,
Quebec,Federal land,Other industrial roundwood,Unspecified,1994,1994,Québec,u,,
Quebec,Federal land,Other industrial roundwood,Unspecified,1995,1995,Québec,u,,
Quebec,Federal land,Other industrial roundwood,Unspecified,1996,1996,Québec,u,,
Quebec,Federal land,Other industrial roundwood,Unspecified,1997,1997,Québec,u,,
Quebec,Federal land,Other industrial roundwood,Unspecified,1998,1998,Québec,u,,
Quebec,Federal land,Other industrial roundwood,Unspecified,1999,1999,Québec,u,,
Quebec,Federal land,Other industrial roundwood,Unspecified,2000,2000,Québec,u,,
Quebec,Federal land,Other industrial roundwood,Unspecified,2001,2001,Québec,u,,
Quebec,Federal land,Other industrial roundwood,Unspecified,2002,2002,Québec,u,,
Quebec,Federal land,Other industrial roundwood,Unspecified,2003,2003,Québec,u,,
Quebec,Federal land,Other industrial roundwood,Unspecified,2004,2004,Québec,u,,
Quebec,Federal land,Other industrial roundwood,Unspecified,2005,2005,Québec,u,,
Quebec,Federal land,Other industrial roundwood,Unspecified,2006,2006,Québec,u,,
Quebec,Federal land,Other industrial roundwood,Unspecified,2007,2007,Québec,u,,
Quebec,Federal land,Other industrial roundwood,Unspecified,2008,2008,Québec,u,,
Quebec,Federal land,Other industrial roundwood,Unspecified,2009,2009,Québec,u,,
Quebec,Federal land,Other industrial roundwood,Unspecified,2010,2010,Québec,u,,
Quebec,Federal land,Other industrial roundwood,Unspecified,2011,2011,Québec,u,,
Quebec,Federal land,Other industrial roundwood,Unspecified,2012,2012,Québec,u,,
Quebec,Federal land,Other industrial roundwood,Unspecified,2013,2013,Québec,u,,
Quebec,Federal land,Other industrial roundwood,Unspecified,2014,2014,Québec,u,,
Quebec,Federal land,Other industrial roundwood,Unspecified,2015,2015,Québec,u,,
Quebec,Federal land,Other industrial roundwood,Unspecified,2016,2016,Québec,u,,
Quebec,Federal land,Other industrial roundwood,Unspecified,2017,2017,Québec,u,,
Quebec,Federal land,Other industrial roundwood,Unspecified,2018,2018,Québec,u,,
Quebec,Federal land,Pulpwood,Unspecified,1992,1992,Québec,u,,
Quebec,Federal land,Pulpwood,Unspecified,1993,1993,Québec,u,,
Quebec,Federal land,Pulpwood,Unspecified,1994,1994,Québec,u,,
Quebec,Federal land,Pulpwood,Unspecified,1995,1995,Québec,u,,
Quebec,Federal land,Pulpwood,Unspecified,1996,1996,Québec,u,,
Quebec,Federal land,Pulpwood,Unspecified,1997,1997,Québec,u,,
Quebec,Federal land,Pulpwood,Unspecified,1998,1998,Québec,u,,
Quebec,Federal land,Pulpwood,Unspecified,1999,1999,Québec,u,,
Quebec,Federal land,Pulpwood,Unspecified,2000,2000,Québec,u,,
Quebec,Federal land,Pulpwood,Unspecified,2001,2001,Québec,u,,
Quebec,Federal land,Pulpwood,Unspecified,2002,2002,Québec,u,,
Quebec,Federal land,Pulpwood,Unspecified,2003,2003,Québec,u,,
Quebec,Federal land,Pulpwood,Unspecified,2004,2004,Québec,u,,
Quebec,Federal land,Pulpwood,Unspecified,2005,2005,Québec,u,,
Quebec,Federal land,Pulpwood,Unspecified,2006,2006,Québec,u,,
Quebec,Federal land,Pulpwood,Unspecified,2007,2007,Québec,u,,
Quebec,Federal land,Pulpwood,Unspecified,2008,2008,Québec,u,,
Quebec,Federal land,Pulpwood,Unspecified,2009,2009,Québec,u,,
Quebec,Federal land,Pulpwood,Unspecified,2010,2010,Québec,u,,
Quebec,Federal land,Pulpwood,Unspecified,2011,2011,Québec,u,,
Quebec,Federal land,Pulpwood,Unspecified,2012,2012,Québec,u,,
Quebec,Federal land,Pulpwood,Unspecified,2013,2013,Québec,u,,
Quebec,Federal land,Pulpwood,Unspecified,2014,2014,Québec,u,,
Quebec,Federal land,Pulpwood,Unspecified,2015,2015,Québec,u,,
Quebec,Federal land,Pulpwood,Unspecified,2016,2016,Québec,u,,
Quebec,Federal land,Pulpwood,Unspecified,2017,2017,Québec,u,,
Quebec,Federal land,Pulpwood,Unspecified,2018,2018,Québec,u,,
Quebec,Private land,Fuelwood*b and firewood*c,Unspecified,2018,2018,Québec,E,0,
Quebec,Private land,Fuelwood*b and firewood*c,Unspecified,2019,2019,Québec,E,0,
Quebec,Private land,Fuelwood*b and firewood*c,Unspecified,2016,2016,Québec,a,0,
Quebec,Private land,Fuelwood*b and firewood*c,Unspecified,2020,2020,Québec,a,,
Quebec,Private land,Fuelwood*b and firewood*c,Unspecified,2017,2017,Québec,e,0,
Quebec,Private land,Fuelwood*b and firewood*c,Unspecified,1992,1992,Québec,u,,
Quebec,Private land,Fuelwood*b and firewood*c,Unspecified,1993,1993,Québec,u,,
Quebec,Private land,Fuelwood*b and firewood*c,Unspecified,1994,1994,Québec,u,,
Quebec,Private land,Fuelwood*b and firewood*c,Unspecified,1995,1995,Québec,u,,
Quebec,Private land,Fuelwood*b and firewood*c,Unspecified,1996,1996,Québec,u,,
Quebec,Private land,Fuelwood*b and firewood*c,Unspecified,1997,1997,Québec,u,,
Quebec,Private land,Fuelwood*b and firewood*c,Unspecified,1998,1998,Québec,u,,
Quebec,Private land,Fuelwood*b and firewood*c,Unspecified,1999,1999,Québec,u,,
Quebec,Private land,Fuelwood*b and firewood*c,Unspecified,2000,2000,Québec,u,,
Quebec,Private land,Fuelwood*b and firewood*c,Unspecified,2001,2001,Québec,u,,
Quebec,Private land,Fuelwood*b and firewood*c,Unspecified,2002,2002,Québec,u,,
Quebec,Private land,Fuelwood*b and firewood*c,Unspecified,2003,2003,Québec,u,,
Quebec,Private land,Fuelwood*b and firewood*c,Unspecified,2004,2004,Québec,u,,
Quebec,Private land,Fuelwood*b and firewood*c,Unspecified,2005,2005,Québec,u,,
Quebec,Private land,Fuelwood*b and firewood*c,Unspecified,2006,2006,Québec,u,,
Quebec,Private land,Fuelwood*b and firewood*c,Unspecified,2007,2007,Québec,u,,
Quebec,Private land,Fuelwood*b and firewood*c,Unspecified,2008,2008,Québec,u,,
Quebec,Private land,Fuelwood*b and firewood*c,Unspecified,2009,2009,Québec,u,,
Quebec,Private land,Fuelwood*b and firewood*c,Unspecified,2010,2010,Québec,u,,
Quebec,Private land,Fuelwood*b and firewood*c,Unspecified,2011,2011,Québec,u,,
Quebec,Private land,Fuelwood*b and firewood*c,Unspecified,2012,2012,Québec,u,,
Quebec,Private land,Fuelwood*b and firewood*c,Unspecified,2013,2013,Québec,u,,
Quebec,Private land,Fuelwood*b and firewood*c,Unspecified,2014,2014,Québec,u,,
Quebec,Private land,Fuelwood*b and firewood*c,Unspecified,2015,2015,Québec,u,,
Quebec,Private land,Logs and bolts,Unspecified,2018,2018,Québec,E,0,
Quebec,Private land,Logs and bolts,Unspecified,2019,2019,Québec,E,0,
Quebec,Private land,Logs and bolts,Unspecified,2016,2016,Québec,a,0,
Quebec,Private land,Logs and bolts,Unspecified,2020,2020,Québec,a,,
Quebec,Private land,Logs and bolts,Unspecified,2017,2017,Québec,e,0,
Quebec,Private land,Logs and bolts,Unspecified,1992,1992,Québec,u,,
Quebec,Private land,Logs and bolts,Unspecified,1993,1993,Québec,u,,
Quebec,Private land,Logs and bolts,Unspecified,1994,1994,Québec,u,,
Quebec,Private land,Logs and bolts,Unspecified,1995,1995,Québec,u,,
Quebec,Private land,Logs and bolts,Unspecified,1996,1996,Québec,u,,
Quebec,Private land,Logs and bolts,Unspecified,1997,1997,Québec,u,,
Quebec,Private land,Logs and bolts,Unspecified,1998,1998,Québec,u,,
Quebec,Private land,Logs and bolts,Unspecified,1999,1999,Québec,u,,
Quebec,Private land,Logs and bolts,Unspecified,2000,2000,Québec,u,,
Quebec,Private land,Logs and bolts,Unspecified,2001,2001,Québec,u,,
Quebec,Private land,Logs and bolts,Unspecified,2002,2002,Québec,u,,
Quebec,Private land,Logs and bolts,Unspecified,2003,2003,Québec,u,,
Quebec,Private land,Logs and bolts,Unspecified,2004,2004,Québec,u,,
Quebec,Private land,Logs and bolts,Unspecified,2005,2005,Québec,u,,
Quebec,Private land,Logs and bolts,Unspecified,2006,2006,Québec,u,,
Quebec,Private land,Logs and bolts,Unspecified,2007,2007,Québec,u,,
Quebec,Private land,Logs and bolts,Unspecified,2008,2008,Québec,u,,
Quebec,Private land,Logs and bolts,Unspecified,2009,2009,Québec,u,,
Quebec,Private land,Logs and bolts,Unspecified,2010,2010,Québec,u,,
Quebec,Private land,Logs and bolts,Unspecified,2011,2011,Québec,u,,
Quebec,Private land,Logs and bolts,Unspecified,2012,2012,Québec,u,,
Quebec,Private land,Logs and bolts,Unspecified,2013,2013,Québec,u,,
Quebec,Private land,Logs and bolts,Unspecified,2014,2014,Québec,u,,
Quebec,Private land,Logs and bolts,Unspecified,2015,2015,Québec,u,,
Quebec,Private land,Other industrial roundwood,Unspecified,2018,2018,Québec,E,0,
Quebec,Private land,Other industrial roundwood,Unspecified,2019,2019,Québec,E,0,
Quebec,Private land,Other industrial roundwood,Unspecified,2016,2016,Québec,a,0,
Quebec,Private land,Other industrial roundwood,Unspecified,2020,2020,Québec,a,,
Quebec,Private land,Other industrial roundwood,Unspecified,2017,2017,Québec,e,0,
Quebec,Private land,Other industrial roundwood,Unspecified,1992,1992,Québec,u,,
Quebec,Private land,Other industrial roundwood,Unspecified,1993,1993,Québec,u,,
Quebec,Private land,Other industrial roundwood,Unspecified,1994,1994,Québec,u,,
Quebec,Private land,Other industrial roundwood,Unspecified,1995,1995,Québec,u,,
Quebec,Private land,Other industrial roundwood,Unspecified,1996,1996,Québec,u,,
Quebec,Private land,Other industrial roundwood,Unspecified,1997,1997,Québec,u,,
Quebec,Private land,Other industrial roundwood,Unspecified,1998,1998,Québec,u,,
Quebec,Private land,Other industrial roundwood,Unspecified,1999,1999,Québec,u,,
Quebec,Private land,Other industrial roundwood,Unspecified,2000,2000,Québec,u,,
Quebec,Private land,Other industrial roundwood,Unspecified,2001,2001,Québec,u,,
Quebec,Private land,Other industrial roundwood,Unspecified,2002,2002,Québec,u,,
Quebec,Private land,Other industrial roundwood,Unspecified,2003,2003,Québec,u,,
Quebec,Private land,Other industrial roundwood,Unspecified,2004,2004,Québec,u,,
Quebec,Private land,Other industrial roundwood,Unspecified,2005,2005,Québec,u,,
Quebec,Private land,Other industrial roundwood,Unspecified,2006,2006,Québec,u,,
Quebec,Private land,Other industrial roundwood,Unspecified,2007,2007,Québec,u,,
Quebec,Private land,Other industrial roundwood,Unspecified,2008,2008,Québec,u,,
Quebec,Private land,Other industrial roundwood,Unspecified,2009,2009,Québec,u,,
Quebec,Private land,Other industrial roundwood,Unspecified,2010,2010,Québec,u,,
Quebec,Private land,Other industrial roundwood,Unspecified,2011,2011,Québec,u,,
Quebec,Private land,Other industrial roundwood,Unspecified,2012,2012,Québec,u,,
Quebec,Private land,Other industrial roundwood,Unspecified,2013,2013,Québec,u,,
Quebec,Private land,Other industrial roundwood,Unspecified,2014,2014,Québec,u,,
Quebec,Private land,Other industrial roundwood,Unspecified,2015,2015,Québec,u,,
Quebec,Private land,Pulpwood,Unspecified,2018,2018,Québec,E,0,
Quebec,Private land,Pulpwood,Unspecified,2019,2019,Québec,E,0,
Quebec,Private land,Pulpwood,Unspecified,2016,2016,Québec,a,0,
Quebec,Private land,Pulpwood,Unspecified,2020,2020,Québec,a,,
Quebec,Private land,Pulpwood,Unspecified,2017,2017,Québec,e,0,
Quebec,Private land,Pulpwood,Unspecified,1992,1992,Québec,u,,
Quebec,Private land,Pulpwood,Unspecified,1993,1993,Québec,u,,
Quebec,Private land,Pulpwood,Unspecified,1994,1994,Québec,u,,
Quebec,Private land,Pulpwood,Unspecified,1995,1995,Québec,u,,
Quebec,Private land,Pulpwood,Unspecified,1996,1996,Québec,u,,
Quebec,Private land,Pulpwood,Unspecified,1997,1997,Québec,u,,
Quebec,Private land,Pulpwood,Unspecified,1998,1998,Québec,u,,
Quebec,Private land,Pulpwood,Unspecified,1999,1999,Québec,u,,
Quebec,Private land,Pulpwood,Unspecified,2000,2000,Québec,u,,
Quebec,Private land,Pulpwood,Unspecified,2001,2001,Québec,u,,
Quebec,Private land,Pulpwood,Unspecified,2002,2002,Québec,u,,
Quebec,Private land,Pulpwood,Unspecified,2003,2003,Québec,u,,
Quebec,Private land,Pulpwood,Unspecified,2004,2004,Québec,u,,
Quebec,Private land,Pulpwood,Unspecified,2005,2005,Québec,u,,
Quebec,Private land,Pulpwood,Unspecified,2006,2006,Québec,u,,
Quebec,Private land,Pulpwood,Unspecified,2007,2007,Québec,u,,
Quebec,Private land,Pulpwood,Unspecified,2008,2008,Québec,u,,
Quebec,Private land,Pulpwood,Unspecified,2009,2009,Québec,u,,
Quebec,Private land,Pulpwood,Unspecified,2010,2010,Québec,u,,
Quebec,Private land,Pulpwood,Unspecified,2011,2011,Québec,u,,
Quebec,Private land,Pulpwood,Unspecified,2012,2012,Québec,u,,
Quebec,Private land,Pulpwood,Unspecified,2013,2013,Québec,u,,
Quebec,Private land,Pulpwood,Unspecified,2014,2014,Québec,u,,
Quebec,Private land,Pulpwood,Unspecified,2015,2015,Québec,u,,
Quebec,Provincial land,Fuelwood*b and firewood*c,Unspecified,2018,2018,Québec,E,0,
Quebec,Provincial land,Fuelwood*b and firewood*c,Unspecified,2019,2019,Québec,E,0,
Quebec,Provincial land,Fuelwood*b and firewood*c,Unspecified,2016,2016,Québec,a,0,
Quebec,Provincial land,Fuelwood*b and firewood*c,Unspecified,2020,2020,Québec,a,,
Quebec,Provincial land,Fuelwood*b and firewood*c,Unspecified,2017,2017,Québec,e,0,
Quebec,Provincial land,Fuelwood*b and firewood*c,Unspecified,1992,1992,Québec,u,,
Quebec,Provincial land,Fuelwood*b and firewood*c,Unspecified,1993,1993,Québec,u,,
Quebec,Provincial land,Fuelwood*b and firewood*c,Unspecified,1994,1994,Québec,u,,
Quebec,Provincial land,Fuelwood*b and firewood*c,Unspecified,1995,1995,Québec,u,,
Quebec,Provincial land,Fuelwood*b and firewood*c,Unspecified,1996,1996,Québec,u,,
Quebec,Provincial land,Fuelwood*b and firewood*c,Unspecified,1997,1997,Québec,u,,
Quebec,Provincial land,Fuelwood*b and firewood*c,Unspecified,1998,1998,Québec,u,,
Quebec,Provincial land,Fuelwood*b and firewood*c,Unspecified,1999,1999,Québec,u,,
Quebec,Provincial land,Fuelwood*b and firewood*c,Unspecified,2000,2000,Québec,u,,
Quebec,Provincial land,Fuelwood*b and firewood*c,Unspecified,2001,2001,Québec,u,,
Quebec,Provincial land,Fuelwood*b and firewood*c,Unspecified,2002,2002,Québec,u,,
Quebec,Provincial land,Fuelwood*b and firewood*c,Unspecified,2003,2003,Québec,u,,
Quebec,Provincial land,Fuelwood*b and firewood*c,Unspecified,2004,2004,Québec,u,,
Quebec,Provincial land,Fuelwood*b and firewood*c,Unspecified,2005,2005,Québec,u,,
Quebec,Provincial land,Fuelwood*b and firewood*c,Unspecified,2006,2006,Québec,u,,
Quebec,Provincial land,Fuelwood*b and firewood*c,Unspecified,2007,2007,Québec,u,,
Quebec,Provincial land,Fuelwood*b and firewood*c,Unspecified,2008,2008,Québec,u,,
Quebec,Provincial land,Fuelwood*b and firewood*c,Unspecified,2009,2009,Québec,u,,
Quebec,Provincial land,Fuelwood*b and firewood*c,Unspecified,2010,2010,Québec,u,,
Quebec,Provincial land,Fuelwood*b and firewood*c,Unspecified,2011,2011,Québec,u,,
Quebec,Provincial land,Fuelwood*b and firewood*c,Unspecified,2012,2012,Québec,u,,
Quebec,Provincial land,Fuelwood*b and firewood*c,Unspecified,2013,2013,Québec,u,,
Quebec,Provincial land,Fuelwood*b and firewood*c,Unspecified,2014,2014,Québec,u,,
Quebec,Provincial land,Fuelwood*b and firewood*c,Unspecified,2015,2015,Québec,u,,
Quebec,Provincial land,Logs and bolts,Unspecified,2018,2018,Québec,E,0,
Quebec,Provincial land,Logs and bolts,Unspecified,2016,2016,Québec,a,0,
Quebec,Provincial land,Logs and bolts,Unspecified,2019,2019,Québec,a,0,
Quebec,Provincial land,Logs and bolts,Unspecified,2020,2020,Québec,a,0,
Quebec,Provincial land,Logs and bolts,Unspecified,2017,2017,Québec,e,0,
Quebec,Provincial land,Logs and bolts,Unspecified,1992,1992,Québec,u,,
Quebec,Provincial land,Logs and bolts,Unspecified,1993,1993,Québec,u,,
Quebec,Provincial land,Logs and bolts,Unspecified,1994,1994,Québec,u,,
Quebec,Provincial land,Logs and bolts,Unspecified,1995,1995,Québec,u,,
Quebec,Provincial land,Logs and bolts,Unspecified,1996,1996,Québec,u,,
Quebec,Provincial land,Logs and bolts,Unspecified,1997,1997,Québec,u,,
Quebec,Provincial land,Logs and bolts,Unspecified,1998,1998,Québec,u,,
Quebec,Provincial land,Logs and bolts,Unspecified,1999,1999,Québec,u,,
Quebec,Provincial land,Logs and bolts,Unspecified,2000,2000,Québec,u,,
Quebec,Provincial land,Logs and bolts,Unspecified,2001,2001,Québec,u,,
Quebec,Provincial land,Logs and bolts,Unspecified,2002,2002,Québec,u,,
Quebec,Provincial land,Logs and bolts,Unspecified,2003,2003,Québec,u,,
Quebec,Provincial land,Logs and bolts,Unspecified,2004,2004,Québec,u,,
Quebec,Provincial land,Logs and bolts,Unspecified,2005,2005,Québec,u,,
Quebec,Provincial land,Logs and bolts,Unspecified,2006,2006,Québec,u,,
Quebec,Provincial land,Logs and bolts,Unspecified,2007,2007,Québec,u,,
Quebec,Provincial land,Logs and bolts,Unspecified,2008,2008,Québec,u,,
Quebec,Provincial land,Logs and bolts,Unspecified,2009,2009,Québec,u,,
Quebec,Provincial land,Logs and bolts,Unspecified,2010,2010,Québec,u,,
Quebec,Provincial land,Logs and bolts,Unspecified,2011,2011,Québec,u,,
Quebec,Provincial land,Logs and bolts,Unspecified,2012,2012,Québec,u,,
Quebec,Provincial land,Logs and bolts,Unspecified,2013,2013,Québec,u,,
Quebec,Provincial land,Logs and bolts,Unspecified,2014,2014,Québec,u,,
Quebec,Provincial land,Logs and bolts,Unspecified,2015,2015,Québec,u,,
Quebec,Provincial land,Other industrial roundwood,Unspecified,2018,2018,Québec,E,0,
Quebec,Provincial land,Other industrial roundwood,Unspecified,2019,2019,Québec,E,0,
Quebec,Provincial land,Other industrial roundwood,Unspecified,2016,2016,Québec,a,0,
Quebec,Provincial land,Other industrial roundwood,Unspecified,2020,2020,Québec,a,,
Quebec,Provincial land,Other industrial roundwood,Unspecified,2017,2017,Québec,e,0,
Quebec,Provincial land,Other industrial roundwood,Unspecified,1992,1992,Québec,u,,
Quebec,Provincial land,Other industrial roundwood,Unspecified,1993,1993,Québec,u,,
Quebec,Provincial land,Other industrial roundwood,Unspecified,1994,1994,Québec,u,,
Quebec,Provincial land,Other industrial roundwood,Unspecified,1995,1995,Québec,u,,
Quebec,Provincial land,Other industrial roundwood,Unspecified,1996,1996,Québec,u,,
Quebec,Provincial land,Other industrial roundwood,Unspecified,1997,1997,Québec,u,,
Quebec,Provincial land,Other industrial roundwood,Unspecified,1998,1998,Québec,u,,
Quebec,Provincial land,Other industrial roundwood,Unspecified,1999,1999,Québec,u,,
Quebec,Provincial land,Other industrial roundwood,Unspecified,2000,2000,Québec,u,,
Quebec,Provincial land,Other industrial roundwood,Unspecified,2001,2001,Québec,u,,
Quebec,Provincial land,Other industrial roundwood,Unspecified,2002,2002,Québec,u,,
Quebec,Provincial land,Other industrial roundwood,Unspecified,2003,2003,Québec,u,,
Quebec,Provincial land,Other industrial roundwood,Unspecified,2004,2004,Québec,u,,
Quebec,Provincial land,Other industrial roundwood,Unspecified,2005,2005,Québec,u,,
Quebec,Provincial land,Other industrial roundwood,Unspecified,2006,2006,Québec,u,,
Quebec,Provincial land,Other industrial roundwood,Unspecified,2007,2007,Québec,u,,
Quebec,Provincial land,Other industrial roundwood,Unspecified,2008,2008,Québec,u,,
Quebec,Provincial land,Other industrial roundwood,Unspecified,2009,2009,Québec,u,,
Quebec,Provincial land,Other industrial roundwood,Unspecified,2010,2010,Québec,u,,
Quebec,Provincial land,Other industrial roundwood,Unspecified,2011,2011,Québec,u,,
Quebec,Provincial land,Other industrial roundwood,Unspecified,2012,2012,Québec,u,,
Quebec,Provincial land,Other industrial roundwood,Unspecified,2013,2013,Québec,u,,
Quebec,Provincial land,Other industrial roundwood,Unspecified,2014,2014,Québec,u,,
Quebec,Provincial land,Other industrial roundwood,Unspecified,2015,2015,Québec,u,,
Quebec,Provincial land,Pulpwood,Unspecified,2018,2018,Québec,E,0,
Quebec,Provincial land,Pulpwood,Unspecified,2019,2019,Québec,E,0,
Quebec,Provincial land,Pulpwood,Unspecified,2016,2016,Québec,a,0,
Quebec,Provincial land,Pulpwood,Unspecified,2020,2020,Québec,a,,
Quebec,Provincial land,Pulpwood,Unspecified,2017,2017,Québec,e,0,
Quebec,Provincial land,Pulpwood,Unspecified,1992,1992,Québec,u,,
Quebec,Provincial land,Pulpwood,Unspecified,1993,1993,Québec,u,,
Quebec,Provincial land,Pulpwood,Unspecified,1994,1994,Québec,u,,
Quebec,Provincial land,Pulpwood,Unspecified,1995,1995,Québec,u,,
Quebec,Provincial land,Pulpwood,Unspecified,1996,1996,Québec,u,,
Quebec,Provincial land,Pulpwood,Unspecified,1997,1997,Québec,u,,
Quebec,Provincial land,Pulpwood,Unspecified,1998,1998,Québec,u,,
Quebec,Provincial land,Pulpwood,Unspecified,1999,1999,Québec,u,,
Quebec,Provincial land,Pulpwood,Unspecified,2000,2000,Québec,u,,
Quebec,Provincial land,Pulpwood,Unspecified,2001,2001,Québec,u,,
Quebec,Provincial land,Pulpwood,Unspecified,2002,2002,Québec,u,,
Quebec,Provincial land,Pulpwood,Unspecified,2003,2003,Québec,u,,
Quebec,Provincial land,Pulpwood,Unspecified,2004,2004,Québec,u,,
Quebec,Provincial land,Pulpwood,Unspecified,2005,2005,Québec,u,,
Quebec,Provincial land,Pulpwood,Unspecified,2006,2006,Québec,u,,
Quebec,Provincial land,Pulpwood,Unspecified,2007,2007,Québec,u,,
Quebec,Provincial land,Pulpwood,Unspecified,2008,2008,Québec,u,,
Quebec,Provincial land,Pulpwood,Unspecified,2009,2009,Québec,u,,
Quebec,Provincial land,Pulpwood,Unspecified,2010,2010,Québec,u,,
Quebec,Provincial land,Pulpwood,Unspecified,2011,2011,Québec,u,,
Quebec,Provincial land,Pulpwood,Unspecified,2012,2012,Québec,u,,
Quebec,Provincial land,Pulpwood,Unspecified,2013,2013,Québec,u,,
Quebec,Provincial land,Pulpwood,Unspecified,2014,2014,Québec,u,,
Quebec,Provincial land,Pulpwood,Unspecified,2015,2015,Québec,u,,
